mt4	cdh11	tat	tubb3	cdh13	rrad	negr1	midn	pgm1	pde4b	lrp8	dhcr24	nmnat2	glul	cfd	agl	b3galt2	desi1	pde4dip	pfkfb4	acsbg2	gpx1	cacna2d2	alas1	h1fx	slc6a8	cidec	ifi30	kcnk2	smyd2	rpl34	gja1	slc8a1	qpct	cpxm1	isyna1	scml4	LOC100490489	uba52	ankrd6	rims1	mlf1	elovl5	dock10	rbp1	dner	neu4	tf	odc1	fkbp1b	LOC105948523	chrna2	ugcg	steap2	tfpi2	npy	gmpr	jarid2	tmem38a	znf521	sntg1	asph	stmn2	pmp2	frat1	cthrc1	enpp2	sqle	myc	tpi1	gapdh	htra1	dpysl4	sfr1	obfc1	pgam1	crtac1	cnnm1	entpd1	LOC100486481	fgfbp3	LOC101735189	scd	cxcl12	LOC100496187	jam3	LOC100498055	nolc1	LOC100495918	ppif	ldha	LOC100496074	slc1a1	LOC105945173	slc37a4	thy1	mamdc2	mpv17l	rpl28	apoe	LOC100489130	anxa1	prmt1	gal.2	LOC101731497	MGC76132	psat1	ethe1	LOC101731355	alas2	ak1	st6galnac6	stxbp1	plp1	acsl4	LOC108648389	gpc3	fhl1	htatsf1	pglyrp1	LOC100217322	atat1	jph4	LOC100487364	cfb	slc7a7	ndufb1	chga	unc79	ero1a	tmem260	sptssa	crip2	LOC100490378	arhgef40	phgdh	pisd	LOC100487101	LOC108648912	llgl1	crym	sun1	rps15a	pdxdc1	hbd	hbg2	abat	hbg1	hba1	hba3	hba4	tmeff2	nop58	adam23	fn1	dnajb2	rps21	nt5c3b	mien1	pik3ip1	sp2	cntnap1	LOC101730369	fasn	npb	ncoa3	hn1	pmp22	comt	garnl3	darmin	dnajc19	frrs1l	tyrobp	vgf	col1a2	LOC100495637	fbxo32	hpd	LOC100495491	mpz	slc6a13	unc13b	pebp1	naaa	dkk3	LOC108644448	rnaseh2a	serpinh1	megf10	LOC101733223	ppic	rbm38	LOC100494201	LOC100493190	fstl1	cox17	sorcs3	dusp5	LOC101731235	crhbp	LOC101734879	hexb	kdm6b	LOC101733774	LOC101734006	clu	paqr6	LOC108645628	cfh	LOC101735145	arrdc3	lmo4.2	padi2	nln	LOC100498399	LOC100489443	LOC100496442	LOC108645589	hmgcs1	lipg	nsg1	gap43	creg1	tmprss3	c21orf62	proca1	cenpv	sms	uchl1	LOC100037835	prelp	olfml3	fam212b	pigr	rims3	azin2	ubqln4	ywhag	asl	psph	wbscr17	gpm6b	mtmr7	pdgfrl	mettl21c	nalcn	nr4a1	rps26	naca.2	mars	b4galnt1	gpm6a	hpgd	krt8	krt5.2	gpd1	hsph1	sln	msmo1	LOC100485192	trim24	tigar	camk2a	etf1	faxdc2	bpgm	sparc	fbxl21	cxcl14	clk1	tgfbi	irf1	LOC101731765	lars	egr1	lta4h	slc38a1	nell2	cav2	pim3	cacna2d1	calu	cib2	tpm1	pkm	loxl1	lingo1	ctsh	sord	sqrdl	nmrk2	mex3b	stard5	LOC101733518	sfrp1	camk2b	slc20a1	slc23a2	add2	etnppl	fah	dmtn	bmp1	slc39a14	rhobtb2	ank1	col5a3	manba	ldlr	ache	LOC100271753	gstp1	dnajc18	fjx1	cry2	lrrc14b	fbxo3	lmo2	c1qtnf4	fads2	st3gal2.1	mmp15	lcat	slc25a22	LOC100124841	mrpl11	LOC108648345	rbm4	ppp2r5b	LOC101731863	dusp4	nrxn2	rna46623	rna46626	rna46628
Lski1	34.61814144	22.01743736	4.225018478	1.796436723	4.595140743	1.498069005	2.159067781	37.05658615	64.22537278	38.48945329	2.2852157	4.335489668	1.929526967	27.14369053	9.395878506	23.82423298	6.722793306	7.248874273	4.59281409	14.02811802	17.08196545	401.2947381	1.059123903	123.7198902	48.04311929	1.614182312	5.506845959	112.1325534	4.635057653	8.503693199	67.1109887	10.31491259	14.62058981	7.410568529	31.05228832	12.11444135	2.978272921	67.32194209	713.524748	1.318880392	0.334203395	9.088398276	22.40227469	5.530432055	5.102329403	0.385663598	0.299321002	27.55467563	44.11474996	12.07182831	0.140953193	0.098429904	10.57820155	4.687106477	227.0418916	3.948041858	1.439530156	8.824882876	46.85351057	5.645522323	0.942176871	82.80078689	2.965490968	67.02217722	4.244853643	0.898180629	12.84405062	0.488245402	66.25712649	542.0737406	3747.750839	28.70370128	0.309414921	3.259668068	3.718192638	34.20517145	4.751251798	6.117222061	46.32543985	7.74157053	8.499632522	0.507403192	32.01093274	16.40455987	81.71660696	3.994098464	4.683173966	11.61221342	0	56.50838919	35.49878269	1.328783521	11.15496955	17.40142811	7.493456033	0.021742109	1.66785373	3.890171946	969.8843467	41.42984901	4.176246698	333.4053321	33.78113251	0	5.109572353	29.89664212	32.87053891	62.97117939	6.897522781	177.1878111	105.2550365	5.740165292	2.262295735	32.67632897	17.90961121	9.650996382	0.352287183	126.9639102	42.96487107	9.429333609	52.17895172	3.98661573	1.857820344	14.93882262	1.175402487	48.02708383	36.18225757	0.396278193	0.388400686	9.311351063	1.882468271	57.87200556	1.373357962	40.57330824	5.175195313	17.50399728	7.833396689	33.67275283	0.266997876	3.74594583	3.127573289	43.42108536	521.4832126	23.94196646	130.1123112	1903.223476	7.19678212	9437.613094	11647.74694	635.1719213	280.7630994	0.621799275	17.777762	1.158922332	59.11778493	7.420502342	377.5370693	2.119887951	1.479039778	13.47283742	12.68248366	1.307561079	0.523567551	7.892518267	0	8.256151107	17.63555199	63.13452193	1.446699813	0.958342723	0.272396631	61.82231662	4.129007741	5.966783356	0.19905218	998.0687835	0.195351209	9.150182908	44.20650603	9.599739979	201.6207297	0.07937701	0.080461328	31.02174752	22.90659569	11.6812298	0	10.28351686	27.45810123	2.131161373	1.155958688	10.20956725	11.34850847	48.42429763	186.0955415	84.14206191	8.411526055	0.265297252	9.955014448	1.009446094	6.024740086	0.715748259	55.7951914	17.58302938	0.705618781	110.0749062	36.64133809	4.463713962	19.60646661	8.781263464	15.29798939	4.469025737	2.322072433	0.787922636	4.42885097	1.747050721	2.008000552	9.214466438	0	6.375412916	9.100690692	0.914617229	5.949289823	45.94906297	0.371697294	5.958859932	0.881747499	3.531975472	7.713271962	2.788872506	0	13.01650736	46.07434873	1.78479661	0.716493509	0	13.48318994	17.81765823	8.273049484	7.070330281	3.985221891	1.728642677	33.31716437	0.747756079	80.42243011	0.987829513	0.156333341	40.58176313	1159.366209	420.4316328	9.240924853	6.720370827	14.34933152	16.609294	132.5831359	120.7285357	103.8212272	2.847029278	868.5271721	5.42996816	0.708103656	7.84614081	5.40139372	0.538204024	28.23262618	21.79676557	23.7801004	1875.634368	2.047905232	16.60744666	30.15586195	28.02630549	41.73520584	1.279621155	6.922338805	25.22100089	13.64196309	0.707400823	2.634199243	82.64770907	4.662782658	4.71676582	30.99895154	0.705739993	474.4543503	243.290948	17.04890994	1.304099589	94.29858648	7.381792506	140.0388534	7.990727788	1.450555623	1.334531091	0	3.585629128	3.231805461	25.34658073	3.461714178	3.13868783	19.54400174	11.44621401	20.24022209	13.84934468	3.171897953	3.384139402	28.53790668	2.970383243	4.571900631	29.68589046	0.693638353	676.524978	25.75256472	7.055334063	0.879907719	8.406847655	13.94550443	23.88601531	23.74257489	1.308390236	0.526637705	3.236529103	2.643030967	0.277628214	2.883792699	4.281242809	10.02725355	0.693813261	0.602217188	0.693032687	41.38527135	2.026357574	0.680047069	216.5886767	119.0762417	60.09644937
Lski2	24.38837282	21.56685545	12.00509782	2.371382872	5.016349124	3.69296489	5.4384336	13.2251919	128.0845066	16.95266869	6.667132904	6.081961309	1.763727766	30.53386938	34.24939397	46.21503349	2.841648381	7.82053364	12.06807846	43.3028287	30.16043241	134.4786513	1.090882677	97.10051079	29.7993963	1.854108279	12.41884624	136.859345	0.379115258	14.35226895	20.51075373	7.346395573	4.518721977	10.5748824	30.30723814	34.92469167	1.340576321	28.80785278	730.539305	0.612264536	0.151064591	13.18877529	29.04100605	6.521694483	9.58324389	1.073392013	0.241684854	12.43530708	88.05147411	16.02422639	0.089669877	0.399189312	6.715253303	1.48148674	118.8049555	1.641025785	3.048592306	7.114306858	98.56703848	6.7550582	2.825660573	129.2663211	1.886549734	176.8708146	3.787438837	1.792097969	19.88783474	4.961300956	24.54768829	856.9876555	5693.950898	43.51125385	0.610203368	2.641831534	3.963293585	63.91928377	2.957654669	3.294776415	9.521596502	2.390944787	6.813062107	0.03724541	63.80655316	20.74061536	86.68451023	4.928996222	4.620783132	27.21432319	1.19511688	37.64628237	72.8426028	0.963675323	1.360338392	28.90382158	9.382749351	0	6.189369461	6.315011891	942.6567688	112.4746454	11.72784555	315.3157516	81.02992256	0.045696511	10.95802344	14.39694704	29.11300528	77.02638466	16.23912859	57.32127788	180.9912194	5.027791613	1.777834802	23.45493032	12.176484	5.116377259	0.504255931	330.9379721	19.02170388	17.32442468	81.43667023	2.261977315	1.152338264	16.30730894	6.808489324	49.2944887	81.63355359	0.189074556	0.149104823	19.02950496	0.751533524	72.11765121	3.61452375	17.1742722	3.929366559	32.96975057	13.51418141	22.64010904	0.509566318	4.072462151	4.033097191	10.02848161	489.8075702	35.22999718	35.45982084	398.7563918	10.53543236	2507.14985	2990.274313	242.8565782	89.9588378	1.661388328	43.46190698	2.049607873	51.8621222	7.165930879	442.8733288	4.119373321	11.33653726	18.47714803	9.305831415	0.618040576	3.747113935	20.36546801	0	7.319943502	42.254807	51.69174388	4.09224285	2.097970839	0.259934931	73.26190355	9.418487821	12.99674653	0.151956694	1980.920525	0.186414211	14.87824651	68.80191271	4.16741313	159.1411209	0.113618462	0.057585265	49.41528575	17.37982255	12.50408945	0.019886581	6.813214565	21.57637655	3.449254024	3.750456588	35.74746694	6.5357647	35.4376446	152.7365275	117.452013	15.11335954	0	4.589688972	0.963265585	3.800264488	1.412576343	46.30549914	10.38009415	0.837931577	62.24854737	45.97420559	6.195645588	38.27921262	11.17271335	2.273065439	6.396862668	5.755783184	5.610155148	2.212560038	2.06953573	2.42710789	10.03916024	0	13.26050877	13.83200144	0.471298492	6.164996995	25.44596249	0.376861047	17.35579849	1.796084578	3.259888665	6.89774851	4.75229669	0.036156363	31.61574781	102.0620421	2.281571713	0.667436171	0	100.395143	14.22029738	11.62032515	8.844095368	7.998172166	2.147540506	41.78702108	0.653247675	159.2441454	1.740254635	0.182332756	19.11330294	1380.556151	362.602299	24.45037391	9.958609988	28.55081847	18.6703565	199.7967109	91.76059839	191.0234313	11.19643631	1413.343247	12.90997848	0.878421791	5.397743566	11.07931234	4.835572718	70.65551395	41.14206428	16.74214535	5082.991298	1.549896173	11.414615	21.41909232	53.57918482	16.74026533	0.732648347	16.58440569	12.33030933	36.09091007	1.549519944	3.731500961	67.75250384	3.660698648	10.64848816	55.77091571	1.281734159	907.8712721	501.8596213	27.59815309	1.487256562	141.6516759	6.095143122	239.6280627	23.2567534	1.601323712	2.133076445	0	5.928107857	6.049297605	31.69333141	3.349014794	0.855742283	31.54609999	32.0825257	10.51282778	25.03302648	9.302156973	6.082409588	29.21724886	4.590646374	3.669947446	51.07479212	0.729446912	2727.662859	71.21888068	13.89152384	0.938967219	18.76170929	12.30145355	16.39381662	12.14710113	0.649237431	1.177390886	3.080160864	2.362264157	1.589563062	4.33947768	11.39303976	23.55328759	1.375073524	1.318353099	0.890767753	13.47488352	0.917246615	0.543483922	387.745997	111.957688	80.64440861
Lski3	37.76910232	16.88610247	2.613105683	0.959513645	5.658412608	3.111691865	1.945615708	24.66701062	79.24891437	38.10308581	1.86452313	2.698920541	1.479329958	22.30606738	15.78426425	42.49582833	20.50623287	10.42632816	10.43370795	18.06092835	16.0368403	346.8156326	1.069360311	95.29168138	65.51283561	3.251272632	8.335130427	105.1549133	0.417971816	9.198608643	44.45004039	11.52112745	5.069418761	2.839030295	22.87462162	16.51400286	1.841785043	52.63404932	917.7831574	1.292340625	0.213522581	14.52019251	19.19486151	4.61099243	6.213432377	0.312107313	0.380118757	14.43188552	75.72207952	13.64801187	0.456278711	0.238970126	12.69951808	1.033843008	225.1429751	3.434183848	3.176085765	8.584316365	85.55533932	4.285894198	0.571859049	134.254908	0.959957249	96.00596768	6.35458756	0.55506722	12.92709631	3.344671635	44.04949196	780.3558077	5106.405005	18.93795821	0.500802564	6.504565906	5.646741531	37.6443659	3.190199844	19.75170806	6.374512461	6.426223027	5.09404055	0.113712351	29.32589716	24.23445159	122.6314218	3.937108977	3.863559995	13.07219547	0.973002591	58.81937508	66.4164361	1.496886129	0.847943035	14.56140048	12.64447435	13.13314056	0.989816484	9.553197739	1055.353992	49.04123842	15.75917763	423.4797565	61.69775103	0.046504682	4.501653179	45.30300063	7.708452443	54.80023488	6.533664284	394.8439474	180.540718	5.410962879	1.534654493	28.57206898	30.93836651	14.30517224	2.024186329	137.8545391	151.5782115	10.40423243	68.03386742	3.173944519	2.180052798	16.10113923	4.205402668	46.52213616	47.53110636	0.236822712	0.117057984	10.77566382	1.772155129	65.2770929	1.011035626	211.195443	3.890047251	4.814425219	5.200424138	19.84225477	1.210016042	4.131493966	2.093256715	18.65755366	626.0867831	21.9026303	240.4768484	3428.775556	9.470886057	17378.82413	23775.19494	1605.87564	620.1896891	1.177501216	17.1714986	2.025831771	41.39172987	7.84566293	548.803682	1.459793298	2.687340489	11.96613566	21.64323639	0.937522803	0.508451185	7.371963228	0.215728574	4.667968864	24.20032085	53.38987505	1.906691946	1.149655613	0.037790291	31.20296688	3.185865023	7.684025798	0.115983105	228.2563215	0.126474039	15.47785226	33.43205087	28.67677419	158.4680505	0.231255746	0.019534565	40.97860173	31.70813692	7.641016764	0.020238287	10.14184499	19.12185203	1.379753862	1.740005228	8.38944456	28.11046528	27.78820814	260.8884218	73.65490162	14.42395731	0.329203637	10.37365501	1.198146295	7.834114897	1.39016656	54.68435287	16.41651782	0.883206288	79.29396681	54.22664486	2.561495338	33.37539901	4.609584923	1.079524116	8.233228994	3.575047398	2.472100128	4.427481297	1.755113925	1.040013788	12.5418908	0	6.988871844	5.332912872	0.213170528	4.423415891	112.8401695	0.180482852	3.411630681	1.729046739	5.904099724	12.71257671	2.321445074	0.018397905	16.67629796	34.11008727	1.569750541	1.010576853	0	253.0532588	19.5054586	14.08033	5.476412338	2.871905296	1.203620287	26.8445688	0.797760902	54.2692195	1.033102047	0.042172141	77.46704856	1701.535267	570.2213144	6.118719695	6.131801739	8.273097192	45.54805449	138.5258964	100.6909432	162.3090938	3.644548985	1497.099848	6.822382118	1.065872055	13.58534791	8.652533881	1.567995229	40.30527095	24.88920244	72.82128087	646.6343027	1.577307015	14.47157392	32.33050142	19.23929954	40.49778292	0.704183135	4.017883399	17.69298964	24.21203446	0.874334173	2.971261615	71.49754315	4.137091159	9.636787841	26.84368418	0.729581001	704.4196094	330.5695488	15.84632385	0.849446706	108.7783913	5.237212292	98.26866273	31.75141788	1.767749512	1.198800652	0	3.482105368	4.405967287	44.98562868	10.36416055	11.32139577	30.11013045	11.81303797	70.46801686	7.984299477	5.138291377	1.956969826	70.92398408	2.751365741	3.772963408	31.54962433	1.360970633	134.2446662	29.46925146	9.683641997	0.707491857	30.8129931	21.03566351	61.8310713	78.80151568	0.559070417	0.36530907	2.230576102	2.89208086	0.438120431	2.22054037	12.35578969	22.67601492	0.362805469	0.550428293	0.549406978	33.6210571	3.632959152	0.561350922	488.9847687	249.1324922	175.9959565
Lski4	17.41492423	37.98479916	10.74385313	3.660031211	6.539745371	4.135693271	1.991129587	21.09389312	116.5202038	18.99140844	3.658044013	7.881067924	0.968919035	23.83129731	23.54428861	44.39687529	4.84290834	5.149438985	14.5902547	23.50035909	23.48828901	177.5782221	2.146981742	75.54389929	40.12112282	2.688601316	3.313703637	108.4955075	0.296134235	14.28610626	16.90501638	18.54522989	10.00594258	8.108215432	49.93755655	29.82969256	1.912794007	54.53790553	644.9441698	0.779373027	0.34962804	30.84358337	40.28797355	5.59470616	13.44198536	0.383290144	0.137297962	17.90241369	93.86116396	29.00896709	1.40085738	0.63585695	12.9409147	0.79352081	164.9686832	2.142412799	4.743803804	6.870888499	97.59710589	8.522385322	1.755709723	136.6649896	1.875516822	82.53154542	4.401490795	3.164860775	15.0186657	8.734331498	27.5251356	656.0130715	3536.623054	52.76415937	1.332546442	2.440800091	4.206363634	43.33195946	2.545459382	3.574922743	6.861060957	5.076076516	14.67420858	0.07758162	37.99781223	17.10364697	54.01105689	4.99920494	3.615031255	22.65340309	0.497882043	57.39706964	36.14382003	0.660302956	0.832359455	20.48406956	12.69339399	0	6.699423872	7.465825417	782.9572309	21.92018799	10.0798955	287.4401442	97.77127255	0	10.78447586	29.98862088	56.18938448	54.16000787	7.416965303	115.0159708	179.0227178	7.17705567	2.463291114	44.76100434	17.63067713	9.647693386	1.371299945	431.3272687	30.92790061	18.55028553	94.49996424	2.355832106	1.184764948	15.52174446	8.423111991	28.28534233	92.12901284	0.469577763	0.230718852	18.53379983	0.973622874	106.5472176	5.888909087	18.89409539	7.377465292	23.72563737	11.39188576	64.30368096	0.53070943	5.198753457	6.972730294	16.801486	431.3311641	20.26030734	168.6626944	1426.918042	15.0161685	8841.77804	10569.05486	581.4968038	266.0493549	1.544931483	35.05122284	3.148226226	69.50145037	4.951927598	344.677967	3.600784032	2.560536221	12.75070536	8.443746392	0.874439378	2.861899743	18.75807628	0	4.542021359	63.53544438	67.64405	1.899945404	2.072968274	0.116022963	61.75801656	8.937971481	12.82698308	0.059348151	1913.699343	0.258865303	6.260840469	77.62220721	2.176883256	239.8307653	0.138054888	0.059974614	70.03697157	14.65315203	13.65450999	0	10.00841173	44.91334065	4.734455235	2.699784994	34.57695235	6.856634802	47.45318956	159.6701565	131.7327292	9.26351759	0	10.94982358	0.705979308	1.573030001	0.792177873	46.7818254	10.01290316	0.638940589	40.53058288	36.04892946	5.713343694	41.88328059	14.30949872	2.472597205	4.189587329	5.57244902	4.879150872	4.06500235	1.736299007	2.261728619	12.04209215	0	25.62393057	16.87440886	0.618112169	10.99388316	26.44701995	0.784995806	21.30219816	3.741216754	3.682873664	10.8635378	8.364622424	0.621333497	21.85528629	114.1967898	3.8153705	1.118989236	0.027565387	75.1520382	13.38449184	18.01738348	8.11047186	9.115887637	3.403593327	39.94852592	1.182766596	115.1825212	4.480808629	0.28484726	56.47347528	1189.72718	342.5447513	13.67171717	7.166899815	35.58438756	17.35514696	113.7263808	109.2934684	162.0836376	7.202384174	1993.514214	38.35514784	0.562996671	6.347090489	11.58918887	3.678409798	57.29083644	19.71854213	18.64850801	4823.012707	1.438747964	10.05927525	20.33948398	55.70765156	38.98766463	0.89022227	12.90782432	47.4533092	27.1783509	0.559242196	1.95129528	72.59515331	3.85471776	11.09780753	74.11010616	1.561173349	898.9472324	411.6001325	24.15776423	1.375102785	122.6641443	8.286669564	116.6547824	35.07518442	1.738434491	3.945796376	0	4.516608186	5.21936392	27.85316649	3.266011402	2.088864973	31.20193944	14.60800195	12.7314301	20.12910485	5.095437663	6.127977518	40.42250585	5.872117699	4.972789151	94.91539189	1.449082948	806.8684789	15.73139194	10.79834767	1.438681347	22.07815402	12.95475328	14.79041589	15.7309721	0.364094677	1.570190001	4.089937964	4.88356348	1.241638346	4.926545219	12.64482925	25.43652775	1.697337574	1.267435097	1.335365794	25.15381513	1.704058187	0.591379178	274.1291111	57.43136647	26.13038896
Lski5	45.61350812	19.70567941	5.048253613	1.394850184	0.973067634	0.440599025	2.883271553	10.46164988	8.211772598	9.570264892	5.206080628	5.473192398	1.505356982	16.05561595	8.015268445	6.533454111	7.834685222	7.35861354	0.781533435	14.77796591	7.438490334	295.7557768	0.551800548	46.70054176	101.5242249	0.300674532	2.528134384	87.47473647	1.051629047	6.792839258	13.91672505	6.925400708	12.34852582	4.391057039	19.64173384	20.74621479	0.461109998	17.85128368	1044.327937	1.42159239	0.372478719	3.902334582	25.23265036	3.303905628	8.746661691	0.170142034	0.268164161	8.910416673	50.95497544	7.440070796	0	0	8.210321268	0.767106832	96.75926279	0.256453339	0.748717797	9.29726693	4.211250348	7.455212531	0.320649916	10.17344576	0.76117912	33.81752656	2.531172619	1.080675302	12.73787907	1.49497672	25.04320866	109.4759066	387.3295715	42.38570069	1.39779725	1.654751472	3.978706029	27.26366189	2.122296466	8.169616411	4.134050221	3.061038242	7.919486729	0.123978195	11.56014928	15.29591741	52.78097571	2.68681676	2.840333208	18.88910265	0	33.31269262	2.759821133	1.266225212	0.924494538	6.318537857	2.235568483	0.138123359	4.194071096	10.79440244	1453.957105	8.855392459	2.147737677	208.4340228	64.45259536	0	5.744659041	23.91244205	18.32976387	59.56686059	4.36988881	155.4759041	8.252189445	4.954833086	1.884553451	36.22744525	4.433619078	3.406160527	0.994671763	31.91153519	42.78848466	8.009379666	83.49469084	3.384430636	1.557256983	10.42499621	0.174669047	116.4338184	69.64068132	0.419579622	0.108718333	9.201607227	0.935564286	78.49659672	5.429467891	26.90028153	3.788937314	23.58042414	8.387723361	21.20661609	0	3.47043376	3.356226427	13.7931104	754.8808808	29.8582313	194.7065405	1768.549632	4.524349967	7352.319516	9151.361943	903.4083902	231.9866218	0.164590375	28.28535047	0.04908271	28.4242668	6.16111362	789.8848181	0.85700573	1.818590319	16.16466664	14.34082003	0.491672612	0.207882631	6.594869466	0	4.192812469	14.10588206	95.72688436	0.218823822	0.159167676	0.247211777	48.50367896	8.234547684	3.296157029	0	2651.906655	0.275783993	7.203633409	38.91766766	7.988211109	191.3590639	0	0.085192509	20.36701175	13.39615315	20.34647608	0	10.38045505	15.84332262	2.953327733	0.948545635	24.28069128	14.87419472	31.67131718	120.4333374	73.45378505	9.066600354	0.140448456	5.447834848	0.87087588	1.513660763	0.861175849	53.97659388	10.1405365	0.813519395	134.3052076	30.0985621	2.50630938	20.87864683	5.444545092	0.504421089	4.075716555	1.858950448	0.12834662	3.889336072	2.136813095	2.409548675	3.994698706	0	6.658762187	4.00636337	0.406726886	7.480195668	55.00935024	0.368956265	33.80625295	0.32316745	4.230105007	4.293412701	4.903856986	0.02005885	13.06283195	81.89011573	1.854088329	0.090312359	0	63.98153719	14.2592636	2.614445725	4.094790395	3.717227613	3.297971865	31.914755	0.769422546	169.2736292	0.187728255	0.110350565	14.19972486	2464.788927	568.6793483	12.92527946	5.403862143	9.818856083	22.20022225	64.81504289	111.0930984	5.030511245	3.197129675	1.700857888	5.19706577	0.63727954	8.146501218	3.100018351	0.035067741	43.7751076	19.78151171	24.68662123	3377.478636	2.018783913	18.39188831	20.49550261	87.56053081	21.93542355	0.812918253	11.92264239	9.852439509	11.45568128	0.714951182	0.779559865	68.84627269	3.792480968	0.965316135	28.80007854	1.373953719	59.73114104	49.99801729	12.0640528	1.498653134	30.33217457	8.261309743	133.7284681	24.95873477	1.400333174	0.812476399	0	4.679365782	0.164511434	26.75650635	5.472562079	2.106699844	28.17797778	13.19255157	24.97194669	18.69815158	11.01615638	9.810120498	17.81712563	1.965652383	2.700837329	34.21958343	0.824354326	1808.384103	49.84446573	4.357612315	0.751328141	22.89899324	8.778120852	30.60889573	26.29967676	4.43303833	0.270836405	4.007191037	1.458343535	0.110232354	3.767017227	5.171431104	18.48670538	0.678101497	0.562612915	0.299503463	24.37401151	1.567871806	1.242059172	444.9282249	224.3446878	52.69372772
Lski6	22.08097003	31.66202241	7.421934287	2.201569644	6.099736737	4.026127092	1.298525704	6.807904059	95.85137435	10.71479427	4.992834078	6.184428251	1.945452377	20.32577654	16.88881453	34.16031123	4.365375963	4.988914785	10.37902948	16.24578603	19.13902508	140.3940419	1.122311655	57.53248693	33.63524427	2.08232965	5.536085155	117.9210903	0.800802233	10.54051732	22.29196426	15.34800946	7.531660496	11.24810346	46.49750884	26.1942371	1.209697549	70.40165917	800.8073585	0.954154466	0.161673568	23.46196284	31.66472038	3.958708323	11.83213328	0.870649984	0.022276759	19.14370963	79.41600034	17.9204753	0.454581572	0.904708832	4.358369617	1.087219697	156.0830161	1.804442433	3.408617593	8.283131889	80.73474766	5.474298364	1.318522645	140.4103014	1.478052122	99.3767249	3.884565112	1.975009415	8.089159453	3.651410278	14.32701408	679.4701183	3428.878978	32.43517153	0.738430932	1.72809921	3.865303224	53.89987375	2.047062465	2.7068323	5.967564255	2.641734209	10.15018632	0.188815659	33.55832456	13.05097894	47.20699748	4.154907176	1.836613229	29.41591058	0.242345872	48.27422001	40.23003373	0.745659215	0.672383156	20.76621509	9.933754702	0.021035839	2.980816676	10.94531408	965.5904069	26.11949951	5.656819783	331.2431915	100.7321346	0	4.077190167	18.00006652	36.93833166	61.69613826	6.345260614	100.8833055	151.8745503	6.335454597	1.673793858	26.30953002	9.553577637	4.095391909	0.965723226	225.0955077	29.13729029	9.34429882	51.58640752	4.135104801	1.026056325	18.28593084	3.052539854	42.67134482	52.23899902	0.353912767	0.310993559	10.36021346	1.33811133	79.38009338	2.164569806	26.44071018	6.246998326	15.97609411	10.14806784	48.77084971	0.516649441	3.934913657	5.683930226	10.07709583	555.8270149	28.8987048	78.76821617	849.7430401	11.94787835	7043.604927	8850.814942	553.5018594	220.8664879	0.932481173	43.6645978	2.960168416	50.93769826	3.167912932	542.9031412	2.386647903	2.538861514	26.33238571	5.932730105	1.135030684	2.849399947	15.10825358	0.071642056	3.48193059	54.52638714	45.91551101	1.599663128	1.109018193	0	74.99844507	5.554526478	6.965199869	0.077034469	801.4507868	0.063001808	6.872082224	48.16805795	5.075642309	156.6655976	0.076798528	0.019461906	49.8067591	19.8919527	8.754485217	0.060489031	11.08360341	22.57540385	2.941286433	2.74010093	17.32435168	6.723352652	34.40129204	231.0124623	116.4763035	12.24408819	0.014259963	3.652446198	0.651103508	2.074740387	0.393464718	54.42234007	9.496010712	0.439960592	40.90868752	29.11096356	4.318714742	12.86442132	4.975142764	2.509520541	6.240520329	3.972721079	3.283873465	4.1337495	2.506306229	1.554218153	5.475442674	0	13.75847686	7.753713062	0.67252918	6.790320389	24.76021943	0.921534153	5.765292411	2.969461028	3.025100211	9.339053702	4.770171471	0.036658947	15.20628112	53.64103392	2.70426419	1.303911824	0.053670204	48.65765195	9.671677533	12.3944257	8.324173917	6.166165469	1.388481826	30.16945626	1.059724818	96.18505695	3.161296735	0.184867235	19.37898351	1729.268047	400.2157188	16.00189759	8.745852534	35.94237798	16.48255905	133.260758	126.484651	150.3325458	8.180168156	1616.904952	12.70357476	0.034255081	5.458062043	8.498249315	2.2431059	76.88469516	19.38926248	17.50287322	2479.768794	1.366469729	11.72527585	17.0404071	24.09790208	45.39054438	0.412684653	11.33518268	6.952819493	27.5809778	1.959934653	2.12121996	55.52259324	2.809320065	7.574320733	47.4418625	1.167392951	789.9576298	348.7604003	21.01355132	1.46176875	94.09949094	7.956116734	136.801981	21.96937143	1.582305063	3.00199397	0	3.549831594	3.728135757	17.64789644	2.631564496	1.789502043	25.27085151	15.61040231	13.49583982	14.00917377	7.539876626	5.170919173	30.74452531	4.045317278	2.752751614	36.57223684	0.986115254	243.3881634	35.3902687	9.966177091	0.90624899	13.42507655	11.7074088	13.44211769	16.97479173	0.126588851	1.004502814	3.543862267	3.277505713	0.201457307	4.911594061	14.32257712	27.06929949	1.445824026	0.736886919	1.067358723	12.16905305	0.82945644	0.477018411	857.9136182	76.24070127	45.42521654
LMski1	37.3911613	13.03706386	5.258616138	0.852845729	2.449525011	0.804330787	3.245180959	14.68445338	29.57292996	11.34903948	2.73445665	3.204224914	0.640531828	16.76954145	31.98242658	15.70457352	7.619445235	6.08191846	3.988141044	32.23564343	12.36667868	250.5968193	0.632790161	114.264986	93.0653315	1.201178896	7.002686992	83.9425922	0.235763689	5.695407003	63.39583508	10.37105419	7.990728767	2.559048561	20.41054154	11.77130264	2.243778889	40.02061852	939.2225853	2.332875247	0.313146151	7.967480269	18.01902962	4.528359709	5.520196272	0.228863859	0	16.57841276	20.26542442	9.164737391	0.143392584	0.125166713	10.32808525	1.789963981	352.1635569	5.445505376	1.258907337	67.35069893	34.19049028	2.916381995	1.061177113	52.87979206	3.10823149	105.7286559	9.961748734	0.539928347	14.54554251	2.067325838	38.97183761	344.6185166	2240.099971	18.23356892	0.608554902	7.268123094	2.897265552	30.23067872	6.740437267	10.72946397	5.910084345	5.097865863	4.101020749	0.238239005	25.12037728	35.50171836	148.2365225	3.100879869	3.769749117	9.65868881	1.443965789	46.72847206	11.11173493	1.595100364	2.139083987	16.32514955	6.380695134	0.022118386	1.413931884	6.368385634	1204.930766	34.57190525	7.040408649	439.10099	23.51791172	0	4.019072641	21.09209322	26.62767781	79.10692338	7.361987162	222.0746543	80.73177014	5.223019317	1.336870478	18.98601561	12.37663767	5.224794433	5.345894719	45.70445418	109.8254743	25.18036855	86.05836246	2.630665729	1.189107705	24.0049205	11.64277504	81.48000942	70.90618459	0.12404195	0.054499655	19.73436866	1.954129597	39.76707936	0.732364348	108.2192755	3.084764228	25.48834838	6.888426961	14.4497613	1.086474582	4.368780923	1.633846099	32.0336484	694.0719513	25.0386097	73.55953671	1184.390597	5.802987938	5911.120221	7371.568595	650.1813016	147.2052339	0.379536226	16.49443251	0.911743834	48.91166332	11.78501158	509.8645039	1.254734873	1.844393277	34.16169748	15.83309924	0.211338637	1.198414388	5.244151727	0	6.106085991	18.13576802	37.17049215	0.473058311	0.592603402	0.079174524	61.38196114	3.481208096	7.125707169	0	241.729487	0	22.81473379	39.18847702	5.611940496	103.9385702	0.161501479	0.061390368	29.88129371	50.80993913	5.26440323	0.02120064	14.25580931	71.1196568	1.583522397	2.881112198	8.62858359	16.78334964	23.54028261	178.4527794	69.0210228	7.477825447	0.52478337	14.82113262	2.358103325	19.11419007	1.78724114	53.5252541	8.569813181	1.036866272	156.610229	61.40593379	2.889704838	28.65773535	4.506857526	1.669359911	12.14911905	1.901330519	1.418142376	7.897873668	1.838571585	1.634201438	11.51444059	0	4.726901312	5.922083676	0.148871352	4.255488679	67.0617813	0.378130033	1.854786852	0.345002833	7.245105748	6.994826833	2.482495599	1.06000103	10.62631974	39.4329473	8.08493698	1.423077643	0.028216092	29.936088	10.26356322	8.137116582	5.424849771	4.85859482	1.410165432	22.7938349	0.72855491	60.06303108	0.206138519	0.114861433	68.76989819	1596.372808	692.1368708	9.107075299	9.626453388	7.56399172	30.29012094	144.9588142	121.6496806	54.59913457	2.940184433	453.4908989	2.683948889	1.080537563	8.244899735	3.18394473	0.530671674	25.02154707	23.8796804	47.56824563	730.890023	1.293111982	20.1596795	61.5473881	15.69698228	50.10595895	2.169611301	6.224869938	67.50613287	38.76284678	0.457954878	0.865521502	85.17658925	6.489941179	3.617959937	23.9320271	0.694794005	256.7278929	120.9587312	10.50368841	0.90601775	84.32174335	9.571751277	138.768456	19.57738611	1.229716256	0.882457556	0	4.156662515	1.596448902	22.80853189	5.655695623	5.416708629	19.90867704	8.335776737	38.14022239	8.363961983	2.948620333	1.325832009	35.49713534	2.479838417	4.571177835	22.56796659	2.40494563	441.1578262	15.43527392	6.387918432	0.423505084	21.21991851	26.81363552	33.10588859	60.96569439	0.26620675	0.596980692	2.982759591	2.08285178	0.282432957	3.142010858	5.490176661	12.34081482	0.434351178	0.25226328	0.41726063	35.08894528	2.801425774	0.268078789	60.26312349	106.8856075	67.823307
LMski2	37.58071084	6.852740992	3.135803323	0.600950088	2.828414918	2.903425	2.454006242	16.87618241	20.18224153	42.50797252	7.402890343	3.701067606	1.533602376	96.66617077	46.09372726	9.957660996	5.951151563	10.99962775	11.78954676	118.5880159	18.90688938	243.8731412	0.425804776	286.1930509	106.1232292	0.528553541	1.418634403	111.4415956	0.506297195	11.16469856	40.49607241	3.52099943	2.303272735	4.288717099	11.28731889	37.57748648	0.416244741	29.83832457	1095.381576	1.181066105	0.353048999	5.604205944	15.90965995	2.501124833	6.347463758	0.061434996	0.088026263	53.80232466	88.0669261	8.886001517	0.179627196	0.164635522	9.810558929	5.073392234	151.4097748	3.49566274	1.762086426	36.6435063	79.71750738	2.836143657	0.321612442	47.67435324	8.674859978	92.74434622	19.72917757	2.614413277	3.606725007	2.333278615	67.72302567	294.4428655	1402.085681	11.28791694	0.098577644	6.444450606	5.368473472	85.1738476	5.711923567	6.228725365	5.985324579	5.649217415	4.92069447	0.037305106	10.73458739	17.38432964	22.87488184	2.812882789	4.400039062	37.67050986	27.61154715	42.15005697	5.931654759	2.311447616	2.861289306	7.477190563	4.926419312	11.69953215	1.483401455	8.504740277	1305.170846	23.71149913	50.86410342	285.6947401	94.88259579	0	5.538140102	36.27122147	10.65852156	234.7660422	7.67326313	231.5999788	74.3736497	2.30072383	0.731352473	13.43962365	36.75025347	18.71819431	0.673418857	75.32847416	57.21140095	25.69200512	77.28604425	1.819347678	0.510504997	33.09956604	41.72449046	122.6419033	115.9445919	0.160242586	0.017067863	28.47876247	2.129697948	92.84676868	1.196186624	48.2652413	2.289110969	11.91875076	8.840596597	5.203365696	1.786340645	2.224903318	1.817802613	13.4226346	774.3219051	43.35151452	246.4916581	1723.351287	4.865791242	6684.96857	7713.203682	842.0113737	275.5728168	0.772595186	64.97704099	1.25536619	43.90706812	18.26669456	595.4627338	1.399884638	3.23768761	31.93387226	14.40479024	0.070078999	0.938279935	7.957603136	0	4.094312442	68.6138022	21.887456	0.395065236	0.305321951	0.520703099	84.832177	2.676002223	24.60942027	0.095125155	56.73964432	1.493703936	114.6407484	3.003518439	5.802376374	69.8069193	0.056900284	0.076903416	26.49822805	33.10872204	6.941781487	0.039836909	16.90755751	12.86298078	1.038431711	2.403034516	6.680553135	10.12994818	14.78036092	370.0680316	21.35790609	23.82901813	0	9.83553865	2.108287401	9.906284133	1.010600281	54.05176723	6.949166469	0.659430041	101.7484056	166.9897699	1.616035378	25.30908137	21.17144468	1.264838147	11.61177504	4.38465431	2.31717402	6.474018367	1.497060314	2.303050749	15.32558917	0	13.83947255	11.73987994	0.227285202	1.776943348	51.39476213	0	11.2632231	0.178275643	8.854545228	3.370148337	8.139452223	0.597536169	7.464558961	17.14191607	3.57268129	1.353316873	0	1058.456729	43.61393216	7.342422524	31.19934983	2.357952211	0.592299541	15.74756619	0.432841101	31.89213498	1.089402426	0.033204545	17.27116089	1900.978397	638.5439404	24.1382778	15.43510328	3.933504702	54.09099969	93.12143093	114.2058232	7.871154433	20.98573643	64.74131549	13.19456158	0.947508918	5.726128003	3.859850452	3.545439119	89.03264845	38.23187224	37.07819987	186.2957884	2.598549661	34.47033129	42.79416933	21.87112941	25.48598638	1.223037703	16.07349731	40.74863366	36.71826366	2.550817609	1.047745927	47.25579871	15.86144274	4.515397169	27.87159836	0.304627779	338.5605632	116.4721796	7.260159981	0.623216864	66.39868985	11.5518101	256.946788	35.76842686	0.733983689	1.594399477	0	5.180464504	1.589000695	69.06345661	7.440630342	3.883797134	24.02041797	6.297607697	33.45281277	3.78198336	10.46699874	1.90510794	23.16223546	1.164930588	4.407244635	55.19533702	1.718300724	256.9098377	174.726727	6.99061123	0.343634065	3.585558062	24.94006362	24.00448954	53.13191365	0.42518178	0.24448446	1.405340995	1.81456493	0.99506924	1.565694408	7.319369392	27.3441581	0.051010277	0.846452647	0.432579616	23.67415486	3.352074666	0.04874821	94.65904141	80.33704954	51.15665383
LMski3	46.14527427	9.088609657	3.057053276	0.616102886	2.781073521	1.309623061	4.285074074	7.900337605	44.78075107	16.70706325	2.176618166	2.713634278	0.295020464	17.43850608	26.1420911	15.54323525	10.37673533	9.16631568	4.804850162	14.02153711	12.66974152	248.5232215	0.65117819	99.86110684	87.14927796	1.139758989	9.894416951	68.19496569	0.120224231	8.132009656	47.72959354	7.516837056	4.745376329	3.044881545	15.17111172	12.34236862	0.527149712	50.18284245	1179.366043	1.797778134	0.212912375	17.43932645	16.95703207	2.536200094	7.254430281	0.038901921	0.055740066	9.232632522	24.55048738	9.029053712	0.056871844	0.178715397	10.07795245	1.055944803	285.4994922	5.570464272	2.201010204	53.48978559	54.54694147	3.759225598	1.038623718	72.13437617	1.522840258	147.5248521	6.158354479	0.395343533	14.54123261	2.731342716	26.94756115	500.0745788	3209.303222	18.32687009	0.199748547	6.972425401	3.973980882	62.29455328	4.33579798	11.43604499	4.08684219	4.315972403	4.115321688	0.094489486	32.39998245	36.76396156	185.9823053	3.362424232	5.049551281	11.18823567	0.101064785	58.21535901	17.12757693	2.316116357	0.862775284	7.526979791	7.817571013	16.84322648	2.159035768	6.711427115	1372.727145	40.79362255	13.86541848	479.2826243	48.24147438	0.057964725	4.399522649	25.43252006	41.32041908	247.4662215	7.664696867	253.9351624	101.5743816	4.604920178	0.94635041	17.25339197	14.41810527	9.085970688	3.056030586	83.20598399	135.0501121	9.32682805	33.05412974	3.130095165	0.805813561	22.12374347	2.396219681	76.92204617	60.43236644	0.166040099	0.070250228	29.17895677	2.5808824	44.05359319	0.857996836	113.6631048	2.653201853	19.98739043	4.714147576	15.72864402	2.370024743	2.995841536	1.53476073	20.58618687	771.7511486	23.27866995	108.2846421	1749.646729	6.954175702	6757.660651	9126.199504	834.4468581	205.738257	0.451590825	20.01222146	1.3092867	43.69490531	9.21901812	714.3185026	1.352981514	3.580580961	19.83193118	17.70627379	0.473338504	0.712966121	4.552508742	0	3.677880201	15.77806682	36.30750751	0.813031541	0.659617728	0.235514334	34.78481189	3.252071569	5.024305797	0.07228228	104.062251	0.078820375	13.38241222	21.4977741	17.65900436	89.61532837	0.240202981	0.024348424	34.37155239	39.46014854	7.252873477	0	12.77006753	29.92006059	0.720783228	2.903381215	9.601277095	16.64137744	14.89279406	229.9051679	59.39077007	12.84172896	0.321126688	7.920478184	0.769328705	21.32156366	2.047786197	50.85425015	4.338765905	1.024931936	50.1116106	36.53189654	3.520177194	34.0983797	5.937031679	0.512590022	8.887023	4.284652169	2.934565886	6.937587506	1.968860418	1.782415302	5.357225836	0	5.519660996	4.721078447	0.17713444	5.007129357	69.02312319	0.140599271	1.291853507	0.143675455	8.971012496	5.921983903	3.556610396	1.077787966	18.82856873	37.34165062	4.687641076	0.867273164	0	24.14337933	8.01068363	8.557915817	3.835731484	7.829227674	0.829072106	22.70408588	0.446183284	50.29084776	0.858458035	0.084103242	16.28610111	2207.179065	708.3631116	10.58182699	6.229023405	6.741703782	42.68071412	158.1364192	120.968137	66.96692104	1.514222321	667.9196251	4.418904604	1.414244273	6.239499331	4.918827426	0.902027425	35.79574365	35.70980651	63.41565325	319.3103063	1.196695178	14.69643708	37.95740302	13.54661832	21.43678435	2.323358985	5.980428776	16.61644468	21.0300849	0.583818412	2.000266062	85.52198375	4.823074708	4.277465075	25.74659804	0.8267	392.7335338	212.4804846	10.14808052	0.712266105	152.8069761	10.1852303	204.7238167	56.09936919	0.998402953	0.928838458	0	4.74393159	2.049991317	45.28484813	6.565291868	5.563109352	17.1134748	7.362049124	45.19158938	7.255450301	5.395012681	2.240371905	39.27412131	1.778196305	3.586422553	22.57164482	2.38174612	247.7797229	24.61989339	8.739334266	0.412287652	19.03895578	28.51073471	36.12459682	73.69415085	0.063349171	0.673890412	2.432720442	1.599616606	0.88213805	1.621401753	8.43018573	23.08652201	0.258406172	0.343034547	0.650556295	27.83369922	3.270381886	0.267525991	175.8989273	179.1086512	130.7104555
LMski4	45.45294658	10.00677709	1.983012945	0.591863709	2.761426187	0.822603126	2.61464811	6.613585109	37.26553878	11.1472459	2.397552793	2.325718037	0.803005058	33.20006002	27.37640164	15.51597906	5.351503066	5.392035403	7.684758402	25.2622252	10.47042091	155.3145616	0.805896001	122.3430952	66.67774412	0.768180386	4.33734704	84.45418777	0.458127311	7.178662683	65.56804603	5.721807041	7.562262254	4.703857014	30.13537202	13.96424607	0.694272044	70.05972976	1109.301616	2.407505765	0.19124099	14.90256962	14.72175939	3.350860418	6.083767069	0.031765701	0	9.069038659	31.97109026	10.25774203	0.092878395	0.024321934	4.961910187	1.592953495	212.4966495	3.782529058	2.571071641	57.66970931	52.91428693	3.641299909	0.681803632	61.60054176	1.954053223	115.0508952	6.937124228	0.685995026	7.374055729	2.882436536	26.45007523	300.6111633	1821.950847	17.04403354	0.040776602	4.457618876	3.753239757	71.12459889	6.218688767	4.016194847	5.76077231	5.460991758	4.608550766	0.154312418	11.21693143	23.4181271	91.87729859	2.300381523	4.112019847	16.60418713	0.412626632	42.84411371	11.04131954	1.628571988	0.528379978	14.77075596	6.097066038	0.021489817	1.534021013	9.148521908	1419.860996	38.82142385	18.86987944	434.02865	67.49751801	0.047331599	5.779188229	29.54972576	33.93307449	232.1507715	14.02613699	177.5957238	73.02292525	3.676997504	0.641218609	15.32450997	10.45887788	4.518477284	1.82804629	142.5360195	47.73916611	14.81449488	46.09767649	2.20091935	0.803364827	23.37866821	7.68394313	90.98977449	55.30697335	0.225969137	0.105901721	19.55701989	2.487161159	43.96619752	1.729617988	35.71575058	3.204751351	13.41855008	6.430211095	12.62192338	1.319498352	2.15537136	3.091281375	15.11725343	815.1973772	43.69002831	58.28445575	874.6523339	6.87077379	7984.066729	10126.2013	551.0780696	264.9106994	0.614584005	31.76745366	1.145474362	26.35848295	7.70375396	681.8464922	1.75242359	12.21374832	24.19052736	11.07489254	0.205332725	0.776238222	6.007402311	0	3.741697986	23.68330375	35.90419909	0.714956258	0.445751647	0.115386763	80.39020315	3.214561386	9.615563567	0.098371203	93.16875592	0.193084382	57.08152865	18.84545657	7.416946496	89.24384621	0.215753809	0.05964575	32.47251037	40.03738958	3.798709003	0	13.11338296	16.51580279	0.495630984	1.62812678	7.374263113	10.27796906	18.74331318	207.1801378	37.12701124	15.65413749	0	5.389612604	2.401948914	5.601577244	1.44704213	73.41057972	4.392248476	0.96090477	56.6236172	58.93107702	2.339653306	27.73195423	3.440469777	2.145119107	6.625751702	2.295127437	4.193429125	6.205692183	1.220653551	1.984700001	6.454164392	0	7.284029951	4.814002094	0.216960994	2.618551106	33.29953063	0.183692086	2.285560724	0.703916629	7.153669946	5.663370705	7.33428774	0.823901973	13.23305041	25.24190716	5.092550397	1.180299035	0.05482847	29.79870452	9.971888879	8.260489488	4.900220648	8.722022595	0.838173162	22.63299492	0.478840061	47.14919478	1.4019627	0.077259635	7.553063954	2022.859634	640.743798	12.14366198	10.96747035	8.298172317	27.98346094	111.3355433	119.2380113	27.41078047	3.581445327	190.7958267	5.215350557	0.874858652	6.177023593	6.062187676	1.49766857	47.80113958	27.46247611	31.68700411	318.3674726	1.43085874	24.24500905	36.44760475	15.67453478	31.70606871	1.011818091	8.628612107	16.18634679	30.96593112	1.970450872	0.840924741	64.23024756	4.189705813	5.049294682	25.84353636	0.405029431	289.4175366	203.7939633	7.452291402	0.864551039	63.47334839	10.54726286	207.6424142	34.22468627	0.885535154	0.42868975	0	4.285794047	1.704652643	20.47015312	3.799964658	2.21590496	14.05121957	7.681418655	17.9232246	7.402004719	7.999889172	3.550541971	26.5563237	1.842925118	4.014599711	19.59625498	1.357187323	124.3548681	31.45238671	5.64850663	0.692017282	19.72340911	26.33583378	22.97505089	25.30485199	0.258641573	0.223082861	1.762874841	1.545340673	0.377309152	1.829945322	10.87690715	23.14853271	0.15825285	0.437668489	0.531217382	43.16765835	1.823101599	0.260460411	206.7565951	94.32867859	51.0461005
LMski5	48.01496267	11.09333459	2.596300356	0.575539726	5.535413186	2.577504534	9.659138141	6.899953636	80.70966147	10.85574067	2.510459507	3.779181865	1.106215018	37.11563382	31.90946949	30.1412715	8.721359564	9.417225432	13.71591305	27.54087479	15.14011038	251.0757705	0.637348106	145.9815845	67.98125875	5.171493288	7.994371634	80.22126948	0.141425988	12.37776302	51.19266372	7.338372668	1.725689971	2.758993981	14.87977346	5.939577543	0.600109842	19.19923624	1069.281592	2.296693991	0.300551822	19.50097082	11.65033375	3.025078337	7.265229807	0.102965275	0.09835489	34.59633242	20.9579	11.50645539	0.100351943	0.289069242	4.762829575	2.984348164	250.4863219	2.509042426	3.951169518	54.57515714	126.7895055	4.149142913	2.066257194	140.2917726	14.68304815	113.3720189	14.38513538	0.305197639	16.39697935	2.339303943	23.10020324	905.6886943	6634.251591	19.6088783	0.13217319	2.670426761	3.717310443	32.77547281	2.021670528	11.34636399	2.920796623	3.499083695	2.904639603	0.083364656	32.3744218	40.26557695	166.3448146	3.495712847	6.215200771	10.6568204	0.802492247	20.20887331	44.53780725	3.150281295	3.044781731	6.908555544	15.5849293	0.069657045	3.364391282	2.817368685	1263.159273	49.21874742	14.52663682	281.0326839	30.15783966	0	3.712777137	23.72319937	10.1149743	254.4759201	5.615111544	190.1966333	250.9231304	5.123385159	1.030340067	23.54365606	7.55378437	4.219064929	0.9405437	172.8525713	88.76509193	10.42680667	93.19400157	2.262953007	0.950675801	28.58352006	4.206174087	53.03296387	119.0652999	1.302143775	0.009535267	9.971477846	1.374417001	39.34673035	0.898913252	67.51323122	2.602577536	4.520533135	3.781019936	13.99644154	0.855403823	3.228895778	4.152462599	17.03512385	705.8594125	52.76898464	67.27064636	1074.740138	12.44550929	4355.931094	5684.993199	522.0116971	127.6604666	0.796844509	16.39491221	3.531416712	56.64519996	14.32882979	627.2240233	1.276009881	10.49608907	41.42883694	16.35797701	0.169653837	0.209674742	6.189052199	0.079077331	4.947082706	14.32984183	35.48109108	1.876037164	0.722429215	0.498685873	46.77016461	6.07059172	5.056120653	0.042514694	281.931555	0.2086211	33.20036956	15.53535581	7.710534854	128.1278405	0.339075846	0.085926936	50.41086703	38.02872445	10.92345666	0	12.40460603	8.80984673	1.238372428	3.178788795	11.65791565	14.68208552	26.82119848	131.209794	72.48755363	18.37045019	0.031479829	2.209864997	2.07617921	31.57017568	1.910919692	50.1396122	4.806052461	1.155443822	203.901545	68.50270948	3.755760513	34.29549474	6.674261931	1.243659008	15.16002162	3.50801972	4.271951243	5.619991273	1.962228059	2.14440077	3.951652751	0	7.293156133	5.740152189	0.214884052	5.559238494	59.98462738	0.124045652	2.564450172	0.398387497	10.94468425	6.072009363	2.659210793	0.809270934	28.56118483	44.11469451	4.20766205	1.257054732	0	14.53921818	10.47774639	14.98798766	11.35320086	2.651512907	1.358426342	24.9802862	0.483628834	59.93814591	1.352475857	0.027825468	12.6248713	1847.750313	562.2373027	5.046466641	11.15398412	6.343515535	33.75013802	133.5308396	77.00265778	159.4701124	0.967407431	1665.484598	7.993849535	1.550218174	8.086821658	10.13495987	3.404367535	23.4730409	44.20997747	53.80411697	573.4460578	5.203590053	21.42647813	37.11426054	22.98793422	40.32372938	1.229889368	4.632862865	15.61938932	15.17147975	0.909977974	2.917973492	65.73303159	5.884884807	9.92949743	23.91909821	0.486245009	907.324944	437.7125678	11.80751944	0.662374553	143.4332838	9.353671928	232.9938012	45.79658392	0.971977732	0.855110173	0	8.682477247	6.521035319	31.75557785	5.749729012	4.698636842	25.03481094	6.54037575	36.69400108	11.11214477	9.067027824	3.122792683	56.11815662	2.223957584	3.331809118	28.21988173	2.418795362	351.8877365	42.21628411	11.4274637	0.404162762	6.902372564	24.46308712	34.06847085	47.19764555	1.564939108	0.385653496	1.93260028	2.663549867	0.963582906	1.794963783	10.52861861	11.38234313	0.284978026	0.435055028	0.755213543	26.91894066	2.136261103	0.245106527	307.4131252	197.2925984	116.3239003
LMski6	46.55132371	16.92164964	9.952729454	3.102982785	1.344651764	0.718781283	3.596940105	6.865494726	22.43289176	13.18292947	4.881724409	4.687487964	1.135032919	21.34555764	30.08812349	8.366966337	2.888168722	4.834254007	1.666630615	17.20484015	14.14808577	139.4635319	0.674717285	95.04349603	52.06890456	0.091116829	6.578819619	89.103368	0.269113579	6.057396603	40.22188252	8.570828755	6.588901785	2.83222275	32.31926612	17.18060188	0.599510015	121.9773796	1044.024784	0.905445295	0.285953726	4.085238068	23.53915116	2.156326244	5.842581949	0.097964151	0	15.242575	24.51578966	10.72789178	0.095477751	0.025002624	6.068558915	0.90139538	194.6701846	5.020452147	1.347174133	32.61458781	6.50640724	3.947614975	0.273516112	29.71505143	1.826127858	156.3894183	3.721340189	0.37333786	14.12316942	1.970934962	15.79041506	190.3699303	927.7630279	28.80841752	0.314383521	4.219412518	3.49656661	62.50849388	0.980595612	3.948109707	4.082153326	5.483272563	4.490782417	0.079315553	37.00476962	25.20093236	126.8271885	3.158100862	5.439794609	18.49128975	0.169669869	42.87889392	2.0178363	1.404126039	1.665713876	11.10786085	2.860428007	16.83352848	2.283051555	10.90383591	1263.673422	31.37413977	20.61035834	492.0221453	67.93625541	0	4.067662687	12.97829069	54.40224296	136.2876577	6.606168907	79.59255624	13.23216316	3.215484267	0.929590503	17.95267608	9.687927261	4.358210022	0.865031885	43.4785371	36.16529412	10.54597515	40.84053559	2.153039162	0.613487327	18.68591311	2.598076623	114.6797306	62.26957653	2.245501493	0.095257362	11.32676762	1.990766305	43.82706859	1.710504309	36.39574272	3.778290513	21.1173576	5.575926742	27.36167184	2.531996511	1.943828831	4.294318935	16.48578467	750.7271133	49.17583401	28.07537308	556.4619042	5.608903599	2301.183139	2911.900579	281.654803	60.67507639	0.379070495	35.41302706	0.345409493	38.19381709	6.780270799	591.1727361	1.879792769	2.278423959	25.86499257	9.333068096	0.360076456	0.731465659	9.792807515	0	3.049296586	32.72118568	33.58506585	0.78746303	0.229113373	0.158154737	67.01709914	3.620611335	6.655678516	0.020224857	411.9760078	0	13.36160531	51.26637513	3.83286784	80.92423614	0.463746987	0.061315035	30.77533176	25.71072992	5.442432481	0	12.45175916	19.60885402	2.664271079	2.525220427	18.19354584	7.568637718	22.88060262	162.1415543	77.94522407	4.619783107	0	4.546010136	0.91169407	3.683266792	1.487540004	73.09527094	3.538608736	0.812542927	42.42301511	33.38484288	2.680004658	33.77463172	4.50132713	0.376489677	4.578947465	2.186724259	0	5.08231869	0.703920927	2.312277805	4.054596876	0	8.563857445	7.216076309	0.260205175	5.336446018	24.46304792	0.42487428	4.202036763	0.258434609	7.765694392	5.463600634	4.351686547	1.251191258	8.280329992	60.15801929	6.980098489	2.2013303	0	22.96616987	9.545626846	4.760483342	6.041371638	7.35929081	1.259306596	25.45401618	0.492241194	79.08058102	0.128678478	0.026473958	3.937526832	1780.25795	651.6204073	17.60496764	10.71542246	21.21451745	17.86689165	161.9932997	210.9445974	21.77709547	3.681678016	1.088130732	9.444634712	0.755448139	4.43411358	1.769537102	0.042065118	67.80913551	34.39646277	26.56872038	1262.843439	1.291525196	23.28173861	21.96792606	32.58933546	32.21994941	1.516864269	13.1554983	25.2515571	26.1606958	1.911248979	0.847835195	65.24412438	4.156218021	1.13305298	40.93330516	0.555153135	100.4260115	101.2083589	9.661826025	1.066496321	136.078486	13.01870697	212.297906	18.87677563	0.809171844	2.067840611	0	1.101434776	0.284166515	17.99276817	2.569089652	1.679966543	19.69940005	15.44947024	14.73697618	13.20807589	7.07078325	3.249309924	8.570872881	2.608016339	4.067144002	39.85381653	0.661627229	777.7169767	39.74914016	4.516236245	0.432598703	18.96657031	15.14328682	16.20686591	22.76747414	0.159528052	0.672690202	2.457536025	2.174854802	0.211564786	3.666960446	7.872871422	17.95415708	0.542272729	0.881838041	0.402377965	28.6691562	1.161429033	0.207290189	148.5920238	85.40355798	43.88793952
Mski1	24.3839963	13.78845095	3.781749317	1.25777349	1.795693111	1.626157538	1.995289441	12.88128447	40.73316834	13.85559287	2.205097124	2.371192984	1.686628678	36.5335028	23.9706518	13.35162863	6.43560905	6.887114784	2.916523836	47.25733611	10.28749696	202.2631568	0.755505028	149.3918512	60.23431547	0.335838106	4.413219872	119.0711728	0.29110048	5.41035373	63.90246075	7.829642862	4.234979223	4.250874773	45.33199835	17.42495592	1.427365773	41.25017775	916.8908261	1.694761525	0.128881869	11.37485109	20.37182874	4.076385361	6.013327306	0.28258117	0.044988047	51.52944977	34.26644362	9.822131715	0.367212079	0.144241965	6.809316725	3.076794341	289.572789	4.141002572	1.282987906	42.68531195	25.10167322	3.439451001	0.509541326	39.34335958	10.53506499	115.7990218	7.141256597	0.79770866	9.368739759	4.060881341	41.91899895	309.5136534	1692.081619	23.97496247	0.725480598	5.278483833	4.173506516	92.53364761	2.429663824	4.533694336	7.592096376	3.797263283	2.419945495	0.07626287	25.7678527	16.53659695	83.70861641	2.567133692	11.48251234	13.62401317	5.791457389	32.17684247	7.033131352	2.544389603	2.054231434	13.12996348	4.165950647	14.27395249	1.674674823	4.543140749	1191.22863	24.13329385	12.58969369	348.1996796	36.42037954	0	9.57192023	24.23416117	15.8185987	385.9021747	15.35505641	150.4122176	50.04010788	4.045558018	1.153830792	19.59565105	9.232136613	5.403503356	0.831738687	82.42934916	61.64497599	18.40682951	102.2981537	1.543858102	0.567188012	38.03419155	10.1534958	78.2240792	87.27476632	0.684948572	0.017445926	51.8261763	2.833686779	48.02233793	1.103660612	53.67030332	3.325001787	12.5180631	5.793686072	22.28131032	2.86928573	2.61400711	3.014199151	28.19618518	731.6851154	27.12343867	122.666085	1105.656358	6.132073817	6138.908191	8002.807692	514.2758124	166.896207	0.516347935	27.75141977	0.664230865	47.45475742	12.56923529	477.5273843	1.769788555	4.055185455	38.49481925	11.50001181	0.274586607	0.959063366	6.299760935	0	3.029261457	29.12090925	25.73434291	0.656201251	0.367158829	0.038016926	73.45075475	4.365391873	14.25634733	0	538.5311818	0.636162635	23.17138122	38.04789914	4.781707417	85.17954786	0.853022976	0.019651718	27.02551981	37.23129297	5.499048054	0.061078979	20.50944389	54.09170864	1.837096548	1.383412545	13.04326178	7.472702061	23.04759595	166.0991188	71.34580126	6.218768774	0.014399041	4.944743622	1.643634274	2.643659302	1.446179909	60.57567971	4.25301922	0.643398754	36.13343096	68.5279465	2.576857103	24.5486863	6.182972617	1.085998223	5.008086866	1.991900837	1.243462886	6.719228022	0.794537851	2.223283258	13.18416784	0	8.192026244	5.270109207	0.214448951	4.359128757	29.33461673	0.272347862	3.041093172	0.496976044	4.695039428	4.779658653	6.276299385	0.037016481	10.17320422	50.14808256	6.612751879	0.76664465	0	59.13171954	13.74474813	5.649414304	15.39595543	3.42987465	1.258634883	21.21228859	0.463006859	70.93352539	0.692865168	0.127275165	14.69725937	1544.25158	594.0337536	8.925351456	24.19470686	14.03201286	31.26203729	134.7972981	155.8835829	42.32485728	3.708548622	321.1990401	8.002184961	0.484248388	5.466728711	2.391867421	0.719940986	43.25843272	19.61736638	33.74768673	1331.561521	1.655756264	14.03215677	46.8977798	21.37854811	33.13442749	0.958431988	6.932844916	29.59015626	39.58434238	0.832457483	0.351656568	61.7534051	7.516270895	2.421805086	34.0910028	1.245501828	198.7982834	144.4975529	11.51625633	0.901152323	60.40615026	12.55501134	280.3754727	24.91593399	0.833602048	1.303773062	0	2.036621048	1.183994774	27.97371276	2.914381402	2.518785795	16.02132088	11.67756555	22.27673283	11.28228173	6.023946013	1.497928584	16.46090252	2.278955356	4.44735865	30.4973992	1.175517912	644.9801847	33.25157671	6.456184823	0.342002445	16.49241091	19.87431829	26.57218534	34.23411618	0.12782347	0.338099905	2.277952574	1.691103402	0.813688469	2.792321705	4.801118517	24.59312489	0.625682196	0.380688903	0.511249234	48.47248646	1.649712045	0.182702704	203.4584427	86.39346485	64.21554712
Mski2	24.96017156	12.87550329	1.861468022	0.638173767	2.272296904	1.818282894	1.264507505	39.14199371	48.62789314	58.21698083	1.756702903	2.152271597	0.822543969	17.87819808	13.09822051	16.84579717	3.702563318	3.026430521	6.29320116	40.28254703	8.883677401	145.3660533	0.743537018	170.1995659	48.99662895	0.430071706	1.283805608	108.2794567	0.070567605	6.579300294	67.89681495	8.749482312	8.588246655	2.173674762	23.67981242	8.380068474	2.036178365	73.34645294	1105.96938	2.494577135	0.206204539	12.09609492	11.56202748	4.705586009	3.107268073	0.205507148	0	21.11706461	39.2021306	8.717709214	0	0.026224991	6.078632726	5.278841748	385.3809539	5.188460084	2.018624097	60.066903	56.63065473	3.095409038	0.448262799	75.87710258	7.182774093	51.3285458	13.13068186	0.522120239	4.741104252	0.126568964	106.2417451	511.5352493	2793.064259	14.73479994	0.351737162	3.569111041	2.445008116	92.26498347	7.773362313	2.910623509	22.69516839	4.142339413	2.225762571	0.249579765	9.689577195	16.06847828	66.65477544	2.560385691	4.966783274	10.08021098	0.622877334	18.73676891	12.96348536	2.407417612	11.39445571	18.97282707	8.162507539	0	1.012179645	3.049845206	1439.308542	13.38885783	12.71646439	362.2216542	26.69551164	0	6.792763086	10.8507774	7.006241426	367.3190372	14.40056369	61.4888334	138.7642391	3.982642026	1.028221641	11.5511189	14.86543581	6.43588238	1.533062836	97.43492616	44.07732586	17.92348193	84.79506566	1.952090068	0.882723175	41.91268919	8.790630377	72.97165421	95.80369575	0.341109959	0.099914451	44.35213421	2.517995671	33.32807179	0.660995298	28.26820649	3.231606561	13.28986541	5.895696859	11.58002932	2.845483583	3.122452602	0.630597275	33.91686394	778.6977684	71.27783392	26.74010651	328.0456376	6.493221736	1952.612426	2494.133784	187.4498437	75.72527377	0.62953821	23.67442341	1.202165351	28.51974354	14.10972227	642.1342673	0.985847495	4.016923216	32.21630546	8.109682288	0.507915063	0.209243641	2.422351525	0	6.237495437	17.16045484	24.22423925	0.275320581	0.440576808	0.082943425	33.67760995	3.2852439	9.607613438	0.084854564	106.973946	0.138794777	17.69059876	19.56741626	3.746474211	50.59317717	0.063446005	0.085750266	26.29251862	44.3662423	5.031229637	0	17.60330962	19.63701012	1.013154877	2.34069158	5.691427042	7.29930943	21.35269388	184.2622754	32.7853733	11.38725921	0.251320843	4.619254316	3.147710172	5.441324004	2.98184009	64.07903095	9.556189962	1.93849143	63.50002873	27.73819552	3.243494857	33.02410512	3.541046237	7.277370758	11.27659797	1.508968567	1.55024288	7.746305609	0.963046048	1.854659547	9.665509744	0	6.149585467	3.598313831	0.175452743	4.953400403	27.12694349	0.123790609	3.080491493	0.108427744	6.726089165	4.979144606	4.139839605	0.040380352	9.78802798	24.65808839	2.36867282	0.436337451	0	42.12948554	18.00242614	8.322035374	12.27401301	1.83707439	1.181834208	18.53140883	0.561202874	50.92467119	0.728835357	0.037024344	58.74852718	1918.134608	725.0842811	5.455765119	10.33726457	7.207674782	15.75232586	83.19636789	115.2987117	50.14686961	2.528476757	587.4990782	3.857929636	1.094241337	4.505048498	4.250083154	1.385420199	31.65235052	11.31694814	20.12113853	277.0652506	3.574816432	16.59888421	49.77760029	15.60676111	45.76058075	1.81831209	5.294006819	24.20323356	31.91826406	0.685363788	0.575420013	56.71997275	6.482651378	4.99469122	22.61635696	0.752130165	428.4263555	164.1667563	7.675598269	0.661012681	67.16767143	10.84262505	219.5998593	14.19329941	1.288253761	0.640014021	0	3.510284252	2.036738465	12.85835924	2.108149649	1.433572352	10.6913177	4.501329962	11.49828744	5.169799352	4.429483454	1.458975693	15.11867825	1.660237637	3.826839338	12.43298819	1.131479161	349.2678634	38.63326268	7.995309661	0.564664499	1.685918421	25.15334526	14.40804256	13.61700341	0.250990959	0.256573717	1.854448815	1.487727699	0.961601736	2.482322839	5.783653928	18.6077381	0.398148938	0.49079017	0.346683964	50.16365024	1.3012706	0.298958705	153.8837522	93.31135353	56.04090566
Mski3	29.7340221	14.57109526	4.229008357	0.533305972	1.559950003	0.392408746	0.855971765	25.21851002	31.88213918	57.87576923	3.473821399	3.028403558	3.128321889	21.72700317	37.13939768	14.01216362	3.545615238	4.959044786	2.42329786	91.53014461	13.34906858	181.2113058	0.625318712	236.0287237	54.533096	0.360183253	1.352324962	154.914551	0.034689174	5.580598554	41.31530272	6.837510672	3.577634197	3.632972055	35.36784805	11.58796385	0.809577021	48.34076573	1012.369542	3.722377997	0.156654557	6.801836154	16.55516303	4.060953969	5.006645091	0.168369824	0.024124632	37.15780126	61.72145605	7.40033135	0.246144718	0.025783028	6.657171623	4.818066584	365.2218087	5.329424206	1.243685642	66.29831594	18.71156181	2.661190772	0.193911671	35.86883058	8.379913267	65.65569436	12.2189661	0.513321082	4.733751568	2.488718606	112.3678668	223.4800933	1078.820979	24.79460607	0.453874873	3.228244799	3.481369902	96.87164162	4.394843071	2.582393816	11.04764851	2.961839738	1.577577291	0.163582441	14.55593909	16.89189201	57.9115226	2.045254392	8.670443357	13.97225148	5.423938418	25.69335427	5.592200504	2.840215232	3.678130495	15.39536141	4.814968149	0	1.019392903	4.825625569	1345.622655	14.45735557	9.751682544	400.4078666	49.99863751	0.100349908	3.090777182	14.64413383	13.01098222	238.2889192	9.596551066	74.34135064	34.62170188	3.351123795	0.732026175	10.6340731	14.70384703	6.800498263	1.138109825	47.53758641	39.09721724	46.11798973	100.8626119	1.731035922	0.754296812	40.19842051	20.02895705	74.42262831	101.5361878	0.431178841	0.014032946	42.87296612	2.25416895	46.51322645	0.557019184	36.83604821	2.84695684	9.349906336	6.028191737	11.64308772	3.263784284	3.08384821	1.859909948	23.14505968	754.4142125	51.34811087	23.96001639	407.9836667	5.248420546	3226.010489	4005.082384	295.7115134	104.5455382	0.521203172	28.12449543	0.259047796	34.4778976	13.23800228	563.8776569	1.736542929	2.849442302	22.80624688	8.747090741	0.192059732	1.508593624	5.434094875	0	4.866758406	26.71281906	24.21663733	0.10827227	0.669416544	0.040772801	30.88789892	2.933559405	14.88207224	0.291985863	189.6041172	0.614050671	17.90400674	32.07508461	9.010006162	48.11518104	0.540598634	0.021076285	20.02690028	55.53881489	4.534236325	0.021835546	15.7992926	21.9559258	1.094593891	1.332299454	9.462996371	7.752495014	20.63803386	247.1579221	57.59228781	8.336964766	0.015442837	4.014017995	1.997820178	0.748947189	4.414425983	59.38103796	7.167794315	1.922252041	81.11259862	47.578722	3.968325609	32.34949459	4.807606056	3.383243055	5.154707675	1.661562908	2.222670681	9.308150047	0.820573938	3.366283294	9.73068228	0	8.876448143	6.119766589	0.191662092	3.701140743	25.14002003	0.097363518	1.397804662	0.03553348	4.368045883	4.387236561	3.339546225	0.039699832	5.48921763	31.50385647	6.174727023	0.87584227	0	170.7307868	28.75487205	5.926266811	27.07971175	2.584898033	1.042307953	18.84998567	0.463465857	50.32102608	0.238850828	0.045500478	25.0241009	1782.356641	699.5038256	7.289294559	13.00090417	13.827444	18.07332061	110.1809609	151.7002064	18.32683129	5.559298077	167.7531175	8.903702428	0.333869081	4.684039815	2.697485289	0.286295403	48.60033523	14.0541809	20.8161588	475.4091558	3.403584526	26.10123018	50.66799438	17.01533934	41.45325854	0.983217701	6.200852901	15.10738798	75.31284919	1.111792324	0.840012359	59.0776039	10.14858616	1.902627963	26.24062813	0.477067555	153.1412493	123.4816459	11.28988759	0.533228969	63.33425113	10.6198223	230.246428	10.95397118	1.341045693	1.293413174	0	1.528980025	0.765150004	18.8729044	3.008644185	1.556226555	14.37793202	7.877336983	8.948160777	6.725713716	10.55760868	2.317970934	8.099347908	2.055122871	4.605276721	39.84654899	0.771271374	164.7998399	40.56016276	3.819397652	0.48575481	3.906978605	15.99254299	21.77973723	16.48463232	0.137089485	0.141890483	1.540600848	1.521161626	0.254529722	2.592460732	5.24392479	26.81672108	0.4473589	0.501077434	0.518671678	56.51386954	1.33378065	0.178133595	261.8487505	75.22581722	36.40302007
Mski4	48.57433274	14.20144178	5.212275139	1.031180872	3.556210286	1.348883846	2.443206866	35.50536268	67.43800474	36.10152061	2.798689034	2.683821285	0.555502821	18.72379724	23.77173114	21.09588095	3.976289538	3.305553049	6.197619708	35.14826747	14.20099588	126.3887615	0.962165821	120.6211071	48.73368172	1.5291337	5.491092518	92.42286822	0.033536857	6.805334785	48.08809139	8.849379626	6.640024987	6.817976214	22.5236931	8.677492223	1.152680399	54.45458097	968.1701657	2.804359013	0.16926849	11.62447738	17.00428055	4.026256806	5.086451295	0.162776859	0	26.28686469	39.55879045	9.928700364	0.04759364	0.22433903	17.71895085	1.168248998	303.5179556	4.907037728	2.225668204	66.1583444	54.67287992	3.438878323	0.511282495	73.23723985	7.464346225	84.42754232	8.289330704	0.703048332	11.92345929	4.812095043	45.58889717	487.5120055	3141.427696	29.71956444	0.208951384	3.709023865	3.806474245	92.56104155	5.282866778	3.857376449	6.36254226	3.058687746	3.739133321	0.158148505	28.50159555	28.87086461	114.1186703	2.783450341	3.569439505	10.43561091	6.089532645	53.39409989	24.3918317	1.884419226	1.35378774	10.51528431	8.492271564	0	1.75987566	8.062408607	1205.533706	26.13111179	7.372982332	351.5891761	40.48465101	0	3.628415296	12.37625016	5.450804263	287.4769097	7.788744876	64.22332976	112.1185986	4.211746561	0.960462872	21.0001725	22.38353831	11.71993386	1.308469281	71.4274576	41.31393418	18.12309729	58.58687616	1.564390285	0.823335855	29.29062247	8.877607443	62.69437353	92.33887283	0.293342969	0.081400767	85.22941762	1.167476364	62.99179985	1.009717379	28.21381273	3.383731877	5.794434633	5.603793512	16.86179143	2.614446784	4.336593326	2.611565171	27.45344295	699.7940586	22.24586772	38.60684095	414.7405911	7.952838678	1964.854224	2511.398261	232.3468771	57.97460616	0.472396566	17.03835902	1.393087297	39.81589556	8.922729102	547.5490697	1.015123361	3.576392188	24.3461113	7.508597687	0.321845034	0.596651178	7.263428726	0	5.600700279	28.6410218	38.51823509	1.099094276	0.894630682	0.118255188	30.61377159	5.099271092	6.898219329	0.040326654	269.7891993	0.19788431	17.30926547	29.54317497	3.04053042	100.3309366	0.120609427	0.081504663	32.84674394	35.60645103	7.69431996	0.084440823	10.47083565	34.49320311	1.333373965	3.62993848	12.96721894	10.02705452	26.87009226	231.7768846	76.52472024	9.595267488	0.373246301	16.54245649	2.802504669	14.48136824	2.356345226	56.79483236	6.33408223	1.93781675	39.79029316	71.24117061	4.727121548	26.82336167	5.689677293	1.823100823	18.21251568	3.126681656	1.903255863	7.07248763	1.159461611	2.440845729	13.22921986	0	5.385383884	6.879625746	0.222354476	5.791026142	25.97918672	0.164726213	2.117149342	0.326354609	4.926771124	5.000505114	4.641129842	0.03838107	11.77667624	43.46575358	4.571017863	0.587539602	0	81.31675831	22.45539328	8.786514584	6.972174169	2.08252669	1.420669556	25.33961256	0.576090377	61.98087022	0.949323806	0.035191222	67.24154526	1839.660386	617.9631397	4.228293804	10.26271204	11.28369326	21.17746845	128.8381429	140.6610719	108.8037662	1.747846328	871.9243356	4.039825687	1.326978304	5.344795934	4.653274869	0.805193156	32.60576774	22.2007176	24.04140698	744.2681524	1.39489567	24.14298256	36.75657859	27.61786693	35.06671907	2.073942213	4.679254436	75.54753526	38.97870742	0.960860086	1.905969042	71.68692878	4.787652406	4.953474546	24.4753354	0.645708232	375.7289853	268.413741	10.60137482	0.692724613	88.31492681	10.96443399	210.4555091	13.89528849	1.224470702	0.844897395	0	4.392335573	3.053365982	19.09283771	3.78131265	2.157441112	25.48392197	9.926035248	14.69214204	8.788492362	4.085530858	2.784573873	20.80789501	2.297556736	3.756625681	28.96972687	1.075458209	551.8782426	23.01260937	6.789478926	0.651715948	26.4632591	15.29139299	14.93965342	16.9512156	0.344592563	0.442015155	2.582256946	2.111675529	1.230373346	1.771725582	7.543514432	28.55402068	1.02718366	0.538258307	0.587403801	31.36978248	1.23684306	0.215270367	127.5128804	75.38768267	49.46151797
Mski5	40.69485367	9.270081523	2.476817591	0.698178711	3.036004541	1.253388478	2.475764206	25.46211639	46.75367413	37.00137549	2.174853261	2.754282072	2.328648514	41.63501671	55.55391209	16.41365782	3.770132626	5.373103905	6.932737846	28.15478498	11.02894968	155.6834611	0.530865213	118.0105359	77.79911074	1.045576976	1.442137733	101.0683159	0.579020975	7.938888706	75.57298543	5.303257902	3.884183735	1.98171397	26.6223038	9.006516853	0.6142368	60.43663632	1168.861278	1.212178057	0.145268305	11.96381348	11.94903547	2.594986369	5.901791916	0.031226412	0	38.75048547	26.73323096	8.052871432	0.365206365	0.167363133	10.00575906	2.341681624	375.9754932	4.21251889	2.601036598	51.09060362	62.95244711	3.628347912	0.392328935	82.28711279	4.976823142	107.4821906	19.84759035	0.595013678	3.700117116	0.833382701	42.59847727	359.7104078	1865.178319	13.17807398	0.060126502	5.55335164	3.343628143	83.47453915	6.618031535	4.854112611	55.67672032	5.586756585	3.114588837	0.113769483	9.518278191	20.33588117	36.48672445	2.246738553	5.23499297	13.9506808	3.812841513	146.2952523	13.62763702	1.678387638	4.189904345	11.59650341	6.395807725	0.485874592	1.485470686	3.519080894	1516.796291	9.360576285	21.79569071	417.6782097	50.44353753	0	4.913361725	14.47906283	7.925242308	294.0360128	6.536946951	90.55091171	83.03335837	3.352884296	0.872768201	13.38187381	20.86502505	10.5834689	2.65273112	108.8356984	50.3842516	11.8281546	42.60456699	3.140643148	0.722035236	38.15633039	8.31485218	152.3264553	63.22496852	0.133279705	0.069402546	48.27610814	2.706227344	41.82277693	1.334376657	59.0136748	2.776113102	5.632002331	6.321044894	12.10289094	3.285979382	3.22366444	1.80685432	36.31579739	868.6580372	18.92816717	27.56741148	405.2948264	5.443032662	1083.320721	1535.237905	262.621566	53.82434228	0.453112623	23.90952548	1.020931649	27.08262041	14.81742575	684.4114632	1.198380909	10.29119533	36.04800524	9.475168778	0.189973435	0.635883304	3.422455938	0	5.856041591	26.72685254	24.10769122	0.552214448	0.492957097	0	34.00050335	3.57215981	9.830412161	0.01934023	47.17264072	0.379612746	48.81339482	15.16347772	10.14175483	63.24150393	0	0.01954438	29.07323193	48.32963459	4.792736515	0	14.85802	9.565729649	0.730824926	1.235462833	6.562315698	10.68637219	16.50582455	218.7014644	22.58488162	20.76326326	0.014320393	7.79773514	4.177456098	5.258439238	3.429746679	61.77521574	5.20758463	2.254831116	123.5892047	64.74596412	3.285618325	13.57583207	4.227575813	19.13260647	14.87834245	3.164130864	2.061118474	7.770969546	0.848731272	2.991541908	13.1826513	0	5.92147768	5.561836447	0.071092543	2.574095757	37.87317715	0.067715074	2.419586162	0.181229238	7.200994843	4.154005013	4.887161536	0.828321672	6.44135346	20.74850446	4.318982858	0.89505849	0	20.87790018	18.03137949	7.648619795	7.879401741	1.905321806	0.744718101	17.56853706	0.45024507	35.48944206	0.812130866	0.025315997	22.02066446	1967.236117	766.2929295	4.642360362	9.753311857	5.83806306	28.63359189	89.74698727	125.3176512	44.2821396	1.760321424	517.406683	5.842177856	0.963206841	6.205122691	5.419747102	1.03781031	36.54403503	20.55748427	28.67833702	191.2194641	1.303647406	14.39162282	38.30294453	13.44188599	35.35596436	1.61629061	5.112690993	14.81497333	25.56490955	1.062224914	1.367149104	59.4301078	7.063359293	5.607811895	24.50002575	0.530870952	357.5683528	194.5565247	6.587728942	0.571733074	61.46793841	12.78373188	229.6637891	35.13173564	0.99485869	0.486244442	0	5.711901571	1.60023007	31.88236837	3.324707597	2.1510568	11.74203285	4.719381628	16.88597054	5.311301237	4.197715401	1.585516332	18.97244934	1.537147083	3.622339476	22.92290194	1.430424841	162.9576808	21.83413988	6.169568319	0.514798049	14.82138186	28.33325744	18.48335767	21.35473003	0.203400475	0.540929062	1.690679391	2.007389149	0.505777561	1.666242016	5.683003601	21.39293116	0.155566179	0.481866736	0.329809808	28.0899367	1.489251956	0.123889623	279.6887293	108.0400106	57.47832127
Mski6	46.65599201	19.13343917	11.39077045	1.893519895	4.542431299	2.874640292	1.79788846	13.67645221	95.86763262	35.60010226	3.152893589	2.667963326	0.632372634	20.11903626	46.27240065	26.26651957	5.004540218	3.126533817	8.139296189	45.06524789	18.55552961	150.4367879	1.333090614	144.0037503	59.27414796	1.832294237	7.618337149	159.6053765	0.515398238	9.628194561	41.97628043	14.57124353	7.888500606	4.961147452	31.15194871	8.894592516	1.353192769	43.77276122	985.9400784	1.8612476	0.213925774	20.70080197	18.11484108	5.223410026	9.69234572	0.343966328	0.112010744	23.05794211	55.20366852	16.05793009	0.274284178	0.239421371	6.312686888	1.798255561	306.3969422	3.134307681	2.420348948	32.70622579	72.28855771	4.636527498	1.506010782	117.3947396	4.983716888	160.1147841	12.6884436	1.072508171	10.89678108	3.06852864	28.56944999	619.9420296	3601.754581	34.08873706	0.923216734	5.387261353	2.73248775	57.31800338	2.076642624	2.959709264	12.46111216	4.34432867	4.016769109	0	36.36170496	26.94743807	98.29038832	3.7400115	3.085624825	11.31570394	4.468016215	29.75191019	36.9542758	1.447998454	1.560387301	33.76426911	8.156887226	6.388581672	3.763897405	6.177798391	1290.736771	53.70044	27.51454204	447.4586632	51.46649363	0	5.945202477	18.64172417	14.16674516	174.0646968	6.711026989	78.082404	135.6491097	5.650474981	1.132933321	22.93201708	14.8101878	7.248461148	2.028008579	269.2906312	41.1334394	25.76015983	117.6689105	1.9918292	0.662782429	33.14398906	25.80171419	97.20291558	103.4286848	0.444881065	0.069498681	34.37611088	1.682054025	41.26867318	1.756489308	23.83537892	3.802002054	7.420794227	6.846519034	31.71600495	1.818451355	3.475446157	4.276662285	15.83979543	730.35233	28.78820662	57.16830729	654.11334	9.568340229	3806.875507	4970.583936	347.0673084	114.6270914	0.846981821	23.72526615	1.999588134	52.53303913	10.19784456	545.9590057	1.500051088	2.645994018	41.76294271	7.787109563	0.214016153	1.273528221	8.137301071	0	3.562109592	27.50990511	38.03047554	1.80975063	1.316373138	0.189308249	49.11108339	6.026050931	16.28050942	0.038734038	801.9023361	0.316782146	19.41449506	53.69535052	5.70935033	109.2494242	0.154461616	0.078285808	36.30275617	42.63862735	9.687082601	0.020276503	12.54571921	22.67318157	3.232281156	2.530583509	16.73416083	8.025880978	30.58630954	209.5484561	99.79091594	8.33155568	0.487567788	4.706887753	1.491416922	3.775424089	1.946742801	62.33232974	5.434831692	1.342567505	103.5774036	103.4496771	3.355972855	32.34207974	12.85423815	4.223244322	16.0590783	2.700124739	2.59470951	6.641088662	1.846349492	1.693213658	9.600662919	0	6.203033973	6.589049652	0.26696632	5.245766892	29.85806408	0.384250268	6.576545187	0.89090315	4.675863	5.360514197	5.669207298	0.27648968	19.80706651	69.18079168	2.948840034	1.145270047	0	108.3643552	21.7486782	12.36152035	8.818588531	4.015950172	1.190026056	28.29771818	0.809514322	95.54446492	1.330782227	0.050702129	23.66105029	1731.97246	658.8296628	9.399752869	9.239775818	16.80434375	16.54568344	132.0943023	120.0811186	112.519435	2.140494005	1473.877366	4.596640924	1.136780519	5.326043864	5.108004117	2.030158599	40.75384365	22.1007758	20.08682658	1892.503517	2.473490235	29.10697935	29.45520622	30.85954052	59.13827634	1.577028693	6.018664372	55.62189966	67.61658164	0.782129615	1.973968743	64.84077973	7.073143247	7.331043954	41.43831559	0.819559711	618.2958002	331.4555524	18.7230215	1.129576394	119.575572	8.373034572	149.9160274	14.70709133	1.646557943	1.817827101	0	4.543397979	3.779355333	13.75410479	2.894717262	1.390580448	22.42926869	16.43797835	14.11190691	15.48542334	6.198876447	4.219692393	25.17524226	3.447664758	4.200097617	23.83351492	0.922800163	2037.569031	22.74215112	6.109468507	0.570744467	14.55606777	20.16615925	15.31148538	20.59573455	0.407364439	0.541678341	2.928926796	1.666086619	1.620730077	3.611041141	6.600242236	17.53375462	0.934689988	0.620401118	0.715577743	31.10690003	1.289102644	0.363912945	231.445561	83.48493786	38.37195902
MLski1	43.30867662	13.09356199	2.721252842	1.211181219	5.688119322	2.987969287	2.655617542	4.98793991	121.6032294	7.480325231	2.955156119	4.066029213	3.676789281	33.30243845	20.22039991	36.33314175	7.209564641	4.257481264	12.98886071	29.98597299	14.27369984	150.2843509	1.606669285	149.4401232	54.7278034	3.763714206	8.027453373	126.0518536	0.435270185	10.28321706	25.49059509	7.572848032	1.769215038	7.081915118	12.70795877	9.988749542	2.926741157	47.55167871	1027.568441	1.934624892	0.257937046	17.70485446	21.49558825	5.947715085	6.224865875	0.715053515	0.419135846	26.07333276	36.26974643	14.4679571	0.285097479	0.174202175	3.513095854	4.605584303	308.6814543	3.355854894	2.732864831	8.147100073	133.7448162	4.28524988	4.594059742	174.1666815	1.999372936	109.7208877	7.376975942	0.536750946	11.01126492	0.640569326	19.57569283	934.9824676	5249.892482	18.05978922	0.542390163	5.689964092	4.600344295	37.26684924	8.127265371	6.882585011	5.684547708	5.360242515	5.746936853	0.236837002	36.68708635	23.10313941	124.4973175	3.796344377	7.081287866	11.50769781	0	21.78645114	54.35303335	1.478207431	3.640272442	24.8000604	11.57676418	0.065964668	2.03813609	5.109947651	1249.887543	70.37860054	10.7398093	379.3525395	29.5215874	0	7.138485471	16.56844	10.02203529	97.74083566	13.26507654	104.5295545	200.0750814	6.06050034	1.514054263	26.41427086	5.293496607	3.538801433	0.504722867	334.7963998	47.42506329	15.17587376	136.3744514	3.377946822	1.996278436	25.5232377	6.068665516	56.3578245	82.82801712	0.339107948	0.203170997	12.08483259	1.631809052	33.62581756	0.750456165	59.90545426	3.619025715	9.14031915	5.773710799	16.67577085	0.990074098	4.234832735	4.017834946	18.9789729	441.6556999	57.6379391	46.78820756	602.9571781	11.45496901	1983.851147	2827.608248	285.4235775	77.31938666	1.226233807	19.88341913	2.359709157	36.60076358	7.594482139	645.4366579	1.94898584	10.90473365	39.9859393	10.5846006	0.642643343	1.058988347	6.60392481	0	5.981996805	15.60578334	38.45559937	2.45587758	0.551108531	0.275480077	36.56954541	6.063413199	8.592354772	0.624046704	137.0988769	0.592687573	18.10933782	25.24583493	12.42949451	145.4270335	0.220757716	0	54.84082442	40.08885856	6.794268415	0.168607022	11.26209287	14.37163321	1.50024772	1.578209105	11.19880177	7.836697618	27.96794681	196.4533694	65.52490395	12.33860764	0	1.470563231	1.625834316	7.693625444	1.497054045	75.35823456	10.7835924	1.141769866	106.5002867	70.1919199	3.009494545	25.86809252	4.320323337	1.659535966	8.260638522	2.348357572	2.819593622	6.481353588	1.523126545	2.030730494	4.549321439	0	5.638901007	7.162800222	0.406986981	3.478366494	44.10115772	0.681327434	1.933816657	1.011768996	4.860202885	8.023457627	2.568616527	0.038318657	18.67467939	36.91984341	3.405660289	1.190420846	0	3.483602489	8.097005988	16.58399035	13.6459963	2.271060864	1.072015796	31.99667233	0.692314492	55.45044997	3.253191088	0.043917496	6.539279729	2001.002996	592.4203756	6.796748546	10.93936346	7.297501478	16.42745711	152.7484197	79.21667493	199.4932573	1.39600328	2678.127376	2.450978888	1.861909839	6.120373568	5.539113423	2.428398996	26.51968048	25.47517831	31.13020078	520.1795383	5.677634729	26.2825905	46.40155134	16.78458583	52.75109596	1.639201021	5.660138428	7.849944057	23.97716718	0.780445506	2.713657638	76.60173295	4.158269992	10.33280262	25.99683217	0.460470161	971.6039198	400.0066811	15.47787571	1.415363659	146.3083707	9.438061726	226.17374	24.04151152	0.934837304	1.383378508	0	5.692317911	6.536776989	12.93204116	3.920362344	1.955544279	24.86424354	10.55062013	27.39321007	6.669578552	8.392829014	1.406636714	46.85445531	2.130559354	3.353636816	15.93221318	0.858967498	166.5115895	42.88148778	8.181693996	0.621950753	12.86729017	15.16959685	30.31708958	24.83099745	0.661600403	0.517381963	2.692442676	1.920005804	1.333661677	3.192548652	8.354501481	16.16848279	0.863590167	0.37616812	0.60075223	39.38257427	1.760292127	0.300888433	377.2362328	85.89075248	78.819812
MLski2	22.93456617	22.01451904	5.250728219	1.051652566	12.51766552	7.145803945	3.548902068	9.319588544	282.8840241	11.10980887	1.480340081	2.693504326	1.149381895	32.29945676	31.41248869	73.14782782	3.653849826	4.350505481	23.25388712	22.50061167	30.82242311	137.1636378	2.329183342	76.4573905	35.15617124	5.803914574	15.13238348	103.9189969	0.419932578	19.57599757	26.10111869	18.73447143	6.107727148	9.087715192	36.08979233	10.19814178	1.411805818	24.8328082	718.3999806	1.066545459	0.600667883	57.2499172	22.25030531	4.904614345	13.35438089	0.470357174	0.247113023	15.13119823	25.94710675	36.03804467	0.458419175	0.888337317	5.138623657	1.572465646	164.8231782	1.559721973	6.061639851	6.716745107	238.5831761	6.158438602	4.612749204	320.6905887	2.981059838	199.3431119	3.663179052	2.828189225	13.68019327	1.377619644	21.52401392	1672.744437	10248.21096	44.01817812	0.865421261	4.530988586	3.70496728	36.93824521	2.064343879	2.870500534	4.030365334	5.328071749	10.66236953	0.190409651	92.25947545	19.25349759	93.92092055	5.405957255	5.323452987	9.228485934	0.081463923	23.41451799	115.5326974	1.322402057	1.686455558	18.44615603	20.27759369	19.53756372	4.362062501	4.275478546	829.3508735	106.4273797	22.93471976	260.0955145	27.14328648	0	8.891356691	22.48683579	29.0066671	75.92580665	9.598241478	87.25819894	421.1565846	9.164596091	1.525623722	32.5387995	4.113181061	2.312780642	1.088449552	851.2145046	25.94122882	10.81348973	82.11563435	2.312780642	1.034718349	10.93167584	3.983694728	34.6392321	95.09766868	0.401513083	0.082760565	10.39720309	1.405633061	36.56182213	2.474609396	13.77522422	4.413914691	9.636812886	6.217967628	61.59844394	1.563033071	4.751316443	9.855593613	15.16695829	475.6573858	24.94247254	81.70565251	922.1917749	15.87880699	6728.278781	8406.096478	390.5032948	165.204491	0.637013478	14.38709062	5.337101239	66.93414906	7.049079295	402.4366591	1.955521844	2.97925204	17.90129273	7.905003948	0.631921581	1.468654643	13.53884769	0.144493724	3.23187721	20.01216702	50.03391285	3.42798109	2.695113869	0.189837851	35.48787144	9.630024213	7.59351402	0.135948396	1487.837034	0.190601018	10.18770316	50.33165241	4.564427684	209.9459688	0.038723433	0.058878613	78.52845764	19.11413041	11.1314496	0.020333227	6.758289925	39.48062717	2.690910209	2.030130376	22.9876379	6.828889345	47.52213558	136.8509425	173.047601	14.41768517	0.359508668	2.291818884	1.313200318	5.778610315	0.666601099	38.42019892	8.10885918	0.856751267	113.1687051	65.55733771	4.68511096	23.3074659	9.571165474	0.309882374	5.532888936	3.0116016	4.849122868	4.62618125	2.116016878	0.914281053	4.955341876	0	7.801841748	9.674566683	0.410493534	8.570892968	25.39928741	0.430657612	9.284986206	3.292327883	3.389598081	8.987853661	5.150573749	0.776336894	40.90818541	71.78796661	1.971393063	1.248341316	0	8.674196022	10.38548641	30.43428477	5.635084257	6.912562824	1.797988542	31.8483333	0.719297837	102.1728668	4.744907275	0.186427894	21.15696915	1253.578958	288.9788059	10.37377703	7.523158699	22.04462396	14.39160209	187.3121547	79.55073665	345.8852854	1.262636569	4716.122893	4.370045746	0.690885292	4.792013462	13.86467097	6.810363138	26.7368526	36.26253846	18.42100768	3835.430564	3.582814408	8.693021709	27.03013281	39.42578433	25.75587588	0.665869696	5.865671811	16.3152574	22.36732773	0.564708723	3.144836574	66.18866156	3.039827485	21.41507388	43.25179714	1.843615021	1869.706518	875.7044239	30.38650311	1.598244584	145.4387363	5.52300391	112.2180115	25.01352685	2.039673534	0.976560312	0.048890955	6.956201236	12.76447855	10.97474325	1.704333981	1.695238867	43.51330254	16.89606371	11.41554382	21.87751334	5.64261865	2.361517399	61.39016984	6.292461364	2.795135256	20.44960061	1.629776818	774.9322133	20.80526721	13.83638858	0.710810795	11.88469699	16.83266385	14.72867727	14.14103406	0.510630083	1.012982882	3.565290959	4.503754394	0.981930435	3.204919887	8.236612928	9.920260402	1.145594805	0.587573577	0.717579616	32.69966395	0.836458757	0.613747614	463.2830023	40.15070538	49.47339461
MLski3	38.27854657	15.22286126	4.839648646	1.679830869	2.587498399	0.933886706	2.519934271	17.79381512	37.68121031	23.16187167	2.48400757	2.70271673	1.698960548	61.26096563	16.3985079	13.50909313	2.945680629	4.828067948	3.764831532	21.0856639	10.06544059	109.1627309	0.806020843	117.3413807	46.013746	0.564121623	4.586183667	99.78376915	0.607913523	6.204967554	66.25145066	11.93337333	16.19733058	9.293344199	23.07617458	20.21613204	2.12096031	125.0137595	1081.640943	1.648403528	0.197374997	7.94662566	21.06621483	5.779186224	7.022456593	0.262276623	0.375799341	21.82068589	39.70317179	7.60923125	0.287572338	0.050204109	8.127400066	2.262450107	277.2870756	5.163957086	0.914568963	10.36192772	23.37015129	4.591800478	1.01260162	56.23856934	6.416864963	72.29969119	6.01846689	0.624704245	17.25181774	4.119078409	39.41391624	325.1521698	1755.420789	28.58770847	0.483971764	5.557155418	5.729735467	109.3279399	11.24596483	3.250324626	3.367219533	5.636151694	7.679553908	0.119446462	19.08161443	23.61440782	127.3315539	3.538272724	5.194733629	13.25535884	0.085172306	34.53304458	9.749455176	1.707917832	2.326731234	16.16533443	3.885380983	17.23315838	1.276031567	8.985825187	1418.160699	35.96275349	13.63258825	409.8973148	54.13117602	0.048849748	9.994658452	9.725217198	7.972972802	436.4273804	12.91884018	33.91489994	47.98271196	4.550489196	1.578103966	32.43351279	9.206940265	4.54826047	0.80857732	75.17748381	26.82954018	8.290875268	64.29006029	3.51718186	2.132055133	22.51226773	1.051777675	70.46847136	52.64607133	0.248764843	0.500951423	51.34465387	3.056809553	41.89296126	1.062018574	20.53396788	4.450538346	2.178485998	8.216567663	28.79601434	0.635516434	3.316285632	2.285040172	22.25457983	796.1463035	49.70552414	34.45080589	301.4045367	7.633416704	1038.64909	1481.704925	122.9416224	32.82654219	0.444007643	23.27931134	0.772380574	47.60292555	11.32723826	655.2185007	2.123176854	11.14540456	26.55489149	8.390459462	1.969597518	1.602271736	6.392239723	0	5.65283501	16.91451431	46.15724604	1.212245064	0.44088031	0.119087764	24.98796531	4.154296863	5.160469781	0.304579305	176.2049934	0.066425838	21.60817666	36.77475586	13.0477147	157.5930683	0.283403347	0.143637368	31.45836296	36.63777261	7.748491821	0.063776496	11.03373598	22.42026378	1.438673126	2.12254552	8.091472267	6.017791416	37.42239628	230.4712116	50.35711171	8.039468711	0.015034966	4.792293108	1.830639375	13.74999149	1.410485884	106.8808508	12.27289817	0.799778668	43.67227373	34.55326388	2.621671134	13.21874182	4.680628973	0.431985027	8.246150347	3.350904833	0.865586462	4.677319181	1.321259643	1.911801503	5.699009633	0	5.996493956	3.919303505	0.317219948	7.301600577	19.55834249	0.189583963	2.268143758	0.311354819	8.505356669	4.810902636	1.67647379	0.850328421	9.517362156	47.24160118	8.24453752	1.827235244	0	55.21752913	10.43336408	7.384411149	7.351469618	1.629354313	1.646936119	43.08840794	0.633863595	80.84086796	0.852655356	0.106316958	23.8523668	2058.380364	647.7394318	5.436395037	13.34825268	15.05755473	19.18147626	126.437451	129.5979259	44.1582087	5.23645232	356.6875376	5.507809093	1.841955828	5.087711004	4.016602502	0.473002902	34.95058769	30.66454896	17.88557361	450.0591878	3.133598198	22.710412	43.9422149	25.62619005	67.11630389	1.870987157	6.556102578	6.74329702	12.02867117	1.230031807	1.285155455	69.75246801	4.107885094	2.528762682	28.94724476	1.71852933	211.0898283	177.8601475	18.10904492	1.022067667	109.6853596	8.661631301	228.7172581	12.02321327	1.378161187	1.021015074	0	3.445038892	1.489882172	17.15335266	2.384027671	0.857617333	22.64100585	11.15923772	11.92067996	7.594572321	11.70133403	3.016447171	8.678378602	1.860866857	3.823106736	12.7439666	0.418771589	493.3003814	31.87557364	4.870062777	0.762471235	20.10244658	19.13882183	18.12466662	10.69949669	1.281299692	0.521873226	3.203951791	2.297425683	0.814223519	4.099306952	6.550935338	24.24866601	0.326657541	0.650457498	0.577111627	16.55622487	1.139546709	0.494272031	430.5533051	62.52107619	35.44155416
MLski4	26.4109811	23.08495103	7.317236244	1.409118032	3.591873582	0.72378088	1.990087466	24.44026872	70.9234396	50.44635367	2.845920007	4.8148735	2.639124236	28.08924072	17.40392354	20.92953032	5.955004137	6.677405281	4.547984673	39.99497496	35.51932258	261.9942231	0.903013806	144.4247062	41.37139751	1.009256676	19.10343895	155.3852756	0.914575863	8.050140826	51.25990352	14.32253803	9.466892689	4.243104536	31.47408081	14.74923823	2.084133338	49.43136865	867.1405393	1.349380029	0.620876494	11.7839035	27.12136824	5.437512807	10.44064563	0.657637039	0.212014329	16.70203815	49.23809587	14.23129478	0	0.100706135	9.275070757	2.75325104	264.4070755	2.899404927	1.059396747	7.957475069	48.09979101	5.029947036	0.774614803	94.86856615	4.045425512	218.061327	13.35830679	1.12780401	22.75779063	0.79655784	48.21782456	576.9912764	3108.38107	31.67653246	0.316570265	3.791905252	2.954307927	72.59126193	2.164720349	5.293189357	26.45803036	3.746672652	7.503569594	0.279535358	101.6034528	15.82674862	134.0677657	3.886749204	6.408015305	13.18451138	2.050200417	63.47609731	26.03335587	1.223560955	4.59434351	24.31994706	7.24316812	0.044489808	2.535934946	5.306844973	1061.390309	109.4720667	5.127388889	412.1134791	32.64379585	0	4.581003372	26.98942407	27.10383957	234.1386477	13.47777185	146.0926448	98.79780812	4.994555966	1.68490155	26.11566025	20.17641922	9.874179536	0.780940259	102.6914959	41.66955961	15.49702129	62.71201277	3.748093668	1.433507317	20.08957667	5.590961355	38.21823396	55.24151125	0.421036218	0.182704647	46.91889794	2.201144118	68.40446774	2.15300249	39.40203585	4.141322114	12.40739299	6.927828869	35.64338174	1.456918978	2.518547529	2.983690236	31.82487064	421.9204764	24.78287924	80.91256647	1336.484693	7.928002308	10341.68356	13699.85676	659.5010116	295.6525682	0.858841154	20.60535582	0.948578299	64.96117013	7.774169284	538.2600497	2.287215457	13.71681708	30.78978276	10.43100828	0.8251844	1.540066374	13.317064	0	5.784273559	49.32511271	43.33832397	2.378821058	0.865151278	0.079627404	16.4910829	7.349459899	10.21885013	0.631331557	1545.780644	0.199868784	11.63374948	53.64597986	10.11223991	140.5804966	0.020303159	0.041161014	35.23794044	26.5159254	12.66349076	0.085287634	9.103946426	27.10735868	2.244576078	1.921872381	21.61449676	8.388525782	37.82214969	196.4142622	142.0496003	9.458897364	0.165875329	6.208411536	1.377053252	6.320778119	0.582511542	49.36871103	8.23705885	0.657764364	141.9721891	86.49781932	3.113822137	11.18280332	13.27415069	8.286226687	13.69790958	2.172961544	1.488265223	5.304251261	1.417634319	1.095699397	9.650252805	0	8.689758741	9.986156391	0.486599421	6.94283556	35.7096912	0.404061251	8.508026852	2.290043282	3.850614725	5.005557346	2.343836603	0.038765973	17.91661293	66.34564433	4.513495617	0.994870819	0.028377489	47.59440787	23.81698299	8.270032107	9.308114753	2.847695186	1.768618231	32.05283294	0.700396274	87.83400288	0.36280586	0.106632408	23.43309267	1566.903468	463.2040365	8.111638442	8.893486409	23.74811866	23.57248307	230.0609991	107.4735969	106.3301571	2.91286797	861.4936506	7.407384463	0.760702778	6.782998987	4.390053874	0.737024124	33.12858725	45.33684102	24.79334064	3224.156492	1.842387187	13.7998538	31.09445764	33.1327256	71.17864451	0.654606453	6.150883707	22.36368042	34.36417728	1.118537796	1.355928003	74.85224774	5.963264217	4.879806017	40.51601309	1.490705574	442.5496548	221.4982722	29.82034163	0.846114458	81.14029493	7.591631534	218.9667573	14.3752833	1.294950264	2.355302333	0	3.241972861	2.146073099	29.2958208	3.052122399	2.351109302	24.14406364	22.38469582	14.09677932	20.40724636	4.182454998	1.848853825	22.12115083	3.418958862	4.537098077	35.00891615	0.492430338	838.8142367	56.22047474	6.472580701	0.532409425	5.017401301	15.15055649	19.49057197	18.24311276	0.883507207	0.985264297	3.142245759	2.608935492	0.497084836	3.901968216	7.279849225	11.8374667	0.655253511	0.851728057	0.810353538	22.50011534	1.249246686	0.391372554	323.8730888	127.2047772	70.13270124
MLski5	57.05616462	15.73901596	5.415918723	0.802987925	5.002578918	2.438742272	2.627645556	13.55420858	88.22865398	36.84340195	2.186199606	3.34948674	3.550785943	61.38792291	18.75449482	27.77623737	3.675038724	5.76524909	10.42762454	46.58829178	16.13654412	220.5015309	1.252425958	244.1583291	44.80536021	2.464458409	7.628089074	142.9688657	1.118125619	7.364646813	35.48137683	9.394564629	8.151175277	4.254515948	27.77606051	9.01710441	2.693211855	69.0927796	915.8481445	2.148020379	0.218399604	11.31569147	15.23479104	6.109766651	7.642511931	0.446930522	0.434542256	59.32565849	85.41883078	9.914997037	0.326690331	0.122214195	5.287106144	5.889446846	451.9029826	3.536682354	1.693301375	10.11890713	76.64488073	4.308850834	1.253401621	106.0290148	22.31553232	117.3349991	16.19605177	0.567745389	15.88746662	0.616054129	46.23534601	712.2199589	4225.125208	29.07753859	0.43028268	5.85475904	5.893589305	78.28724981	10.54505106	4.841185726	4.683988007	5.200968378	8.925209231	0.11630963	38.76769109	27.55421219	128.3219619	4.429739184	9.326263867	9.555646934	0	21.3984643	37.23393593	2.191022807	3.380741773	11.35729327	6.949841016	16.04630552	2.116887937	5.018946486	1281.52858	57.24216023	13.15605427	363.2120924	30.24686773	0	6.592770241	16.54919877	8.997059082	504.5802434	12.57957323	67.42946446	150.6303577	4.982770219	1.751462771	40.70750699	8.45928234	3.980328972	0.233286797	198.5572228	35.668973	9.628361488	62.09434226	4.066968655	1.922281816	21.02173817	2.027829894	45.45480068	51.6814204	0.363347891	0.235028853	37.3302064	3.052854798	30.7954346	1.122139404	32.35256286	4.611905623	3.333433536	5.80277006	20.29546737	0.884038396	3.428528343	4.450063596	29.8411076	722.1492945	59.32276448	63.62187435	670.6228882	8.590543381	2830.948748	3527.283376	253.8664409	73.04632456	0.308819555	21.78026734	1.995358783	53.10187245	8.060215824	582.5415873	1.148566244	2.796113194	58.20464457	9.955797815	1.080320931	2.210274583	7.272160327	0	6.70421553	21.32572622	49.75611564	1.129087635	1.175914646	0.154613802	38.13026885	4.298024124	5.798017586	0.25703654	312.1893947	0.129362804	28.04907278	37.49247786	18.09061343	200.145133	0.689901939	0.199807498	36.33406139	45.55735251	9.318532702	0.082802181	12.27882803	10.70639511	1.784839596	1.837159542	9.829221087	8.144067295	35.09416812	214.5266507	90.39278292	10.91451381	0	1.388821649	2.302478767	14.40320775	1.438077222	66.94555369	12.60203676	0.856652889	115.9145363	58.94898991	4.568208428	21.3780471	8.408187408	0.420640492	21.00191352	2.559692991	2.107137355	7.763328735	0.867681014	3.590218741	4.972790223	0	6.161022223	4.56808771	0.61777861	4.801457318	32.72625947	0.138453916	1.855206451	2.341209457	3.910941621	6.873609012	2.572341084	0.094090636	17.6675305	52.54156375	8.161824756	0.813371187	0	41.93860245	13.79099897	10.33501356	19.37678268	1.193851022	1.522691052	38.76703795	0.606756132	80.08548029	1.383772376	0.155287388	14.48919919	1853.965894	579.5504187	6.31063	16.62126147	13.64013407	21.52329943	155.2057172	93.89543331	114.5928888	1.371142375	1582.887552	3.047253561	1.477068743	4.72754107	5.440469404	2.105513965	23.95600413	27.83691475	30.64501672	800.0476927	8.101742176	21.53440366	41.89827272	23.36850396	79.59281718	1.652377757	5.359841304	8.80832853	12.49155667	1.245638617	4.35554109	59.76099555	5.831588051	7.574170386	29.45278903	0.655791237	661.8437075	345.6836836	19.03074022	1.247982725	90.8695054	9.649900108	358.1189997	12.17047391	1.059448999	1.159902076	0	5.259630239	5.556085917	13.17357204	2.677951789	2.032064728	32.75984594	15.01966251	17.12160198	8.588829942	15.33238586	4.645176463	23.76427195	2.92645674	2.689704221	13.41298482	0.478079929	474.2806486	40.24411346	6.283956701	0.686059236	6.554773143	13.42378302	20.67417661	15.67512613	0.675810935	0.403545256	2.385229848	2.29255714	0.620484153	3.017045864	7.0676998	15.95019578	1.007250337	0.563000505	0.590053656	24.8592018	1.29025652	0.354636027	306.1601772	89.57937171	61.55982151
MLski6	54.51156049	20.10832038	4.007384206	0.698954287	1.755362177	0.485721604	1.444796749	19.08509102	29.91554327	40.87081751	2.554088337	2.831067395	4.33200274	28.04046858	14.31736126	11.78139208	4.213195198	6.211705513	1.636116055	86.17454264	10.98954813	233.2451073	0.981147558	273.8066658	37.38505646	0.34891282	2.624981344	191.5354683	0.105393488	5.234247875	39.87269576	8.759497613	6.135614507	5.410678275	36.72333624	7.970718323	2.638562076	48.05124598	830.5927283	3.80763047	0.111988628	3.86644901	17.64178069	6.517335329	4.726678363	0.613854333	0.488640265	41.78262715	78.58830387	8.794709462	0.099712379	0	5.850195288	6.652376667	366.1442736	3.084187751	1.04514353	14.00367773	13.6321635	4.122699544	0.321352982	34.04155568	21.64581492	38.19538071	20.553957	0.476539722	10.37795944	0.448076157	42.84913926	282.7899508	1252.743474	30.0628776	0.612877169	5.875402463	3.441781558	106.1921841	5.159822842	4.087874364	7.905943431	4.533452723	2.525361753	0.041416678	15.93178775	16.99168582	73.10128169	3.473433926	6.911353625	8.932005649	0	22.92880863	11.72203063	2.284202833	6.145296401	17.08149456	3.778047881	15.57294885	1.523991594	6.452884194	1174.481914	11.27138195	8.609787475	333.6034006	20.58095805	0	3.297845066	8.348418926	10.48973477	625.9481794	6.95915837	53.99919639	27.92872073	3.483132925	1.623916571	22.15161946	9.907448096	5.030611118	0.373819766	40.83200214	34.45192905	10.08034484	98.22860552	5.487939401	2.751710223	23.11737889	3.369751602	52.20370537	45.53683051	0.226422864	0.161066444	55.33069761	2.731315098	33.3746045	1.38678613	42.23741614	4.139071411	2.954015906	6.245883977	15.57135334	1.038830409	4.88345648	1.390281959	28.91619879	689.1888295	107.0334975	38.08304135	364.3615373	4.859696277	1935.709214	2567.597362	216.2535696	60.61606918	0.659805041	16.59523438	0.377125867	48.19671948	8.516069777	542.3489848	1.595071818	11.49236565	49.85754397	10.71386962	1.543087617	0.555569174	3.917626799	0	10.79571918	27.86680735	39.85343592	0.328955432	0.398791678	0.082584607	34.54462746	3.481097989	5.643281474	0.929362259	526.1388395	0.138194342	23.52998854	36.11805156	13.55808485	116.1495346	0.400086377	0.106724131	19.50448376	39.95176672	8.41333094	0	9.328970453	10.60667264	3.015230312	2.759880319	7.6668546	6.365896785	33.29785454	276.0252846	79.11370534	9.247302698	0.031279202	2.106762907	3.094420918	1.571157504	2.675498674	57.53413588	17.99782337	1.963383074	112.3069082	27.61819836	4.880077869	23.07665262	7.471184358	1.853599358	19.37719575	1.832977623	0.192942054	6.524084329	1.278506467	4.687614905	5.928196827	0	7.132012715	3.93278583	0.349387446	5.030611118	37.67896357	0.369765249	3.822159579	0.467820941	2.949133953	5.705922179	1.743893631	0.040205664	6.674421156	41.24715088	4.573916692	0.868899656	0	64.36550181	21.50945582	5.665855497	22.3989845	0.855830107	1.540120813	30.2615838	0.849338115	73.82212206	0.295648373	0.10137648	11.71273671	1630.692627	525.9339446	6.100737065	15.26817309	14.39665821	15.71651884	107.08284	100.3376974	16.69310338	1.693616748	172.7315068	4.589956261	0.638676858	6.663798643	1.687322233	0.12300621	22.54486578	14.82630305	25.18430909	1046.630778	11.35245811	20.55168147	41.35609016	19.32930512	82.89914398	0.633656085	3.949776505	9.996245744	20.06644057	2.746655417	3.871622681	67.52397661	7.354203822	1.687010768	27.09502877	0.990449437	125.8899102	134.6482341	17.55362177	1.04629467	126.4078517	9.659327683	363.5344007	8.125841528	1.61466864	0.778855343	0	1.592703134	0.692463017	10.92768722	3.918752959	1.576055069	17.40164998	12.50438083	14.21250787	10.29486896	21.54383892	6.391721924	13.3501384	3.237590262	3.581250717	13.64636475	0.390549228	984.2931097	72.05872836	3.768241189	0.722856504	3.045505417	10.95857114	24.43874338	14.82284311	0.555344792	0.4310951	2.87119298	1.817051148	0.257772789	2.534958109	3.711119354	13.39318544	0.566323602	0.77059024	0.660352358	60.91852383	1.378341726	0.550229966	286.7927443	109.6310657	40.85245067
